area,bedrooms,bathrooms,stories,location,house_age,parking,main_road,furnishing_status,price,total_rooms,is_new
1905.0,2,1.0,3,Suburb,36,0.0,yes,semi-furnished,13049325.0,3.0,0
971.0,1,1.0,1,City Centre,54,1.0,yes,furnished,13744176.0,2.0,0
1309.0,2,1.0,2,City Centre,15,1.0,no,furnished,21182200.0,3.0,0
944.0,2,1.0,3,City Centre,22,3.0,yes,semi-furnished,15465414.0,3.0,0
2214.5,5,3.0,1,Suburb,42,1.0,no,semi-furnished,16781814.0,8.0,0
1559.0,4,3.0,1,Prime Suburb,20,2.0,yes,unfurnished,16512673.0,7.0,0
627.0,4,3.0,2,Suburb,49,2.0,yes,furnished,7412031.0,7.0,0
686.0,3,3.0,3,Suburb,43,0.0,yes,semi-furnished,7264478.0,6.0,0
426.0,4,2.0,1,Prime Suburb,0,1.0,no,unfurnished,7206586.0,6.0,1
1407.0,2,1.0,3,Prime Suburb,13,2.0,yes,unfurnished,14478318.0,3.0,0
1252.0,4,2.0,2,Outskirts,21,0.0,yes,unfurnished,6065941.0,6.0,0
1101.0,2,2.0,2,City Centre,31,1.0,no,semi-furnished,16783027.0,4.0,0
1445.0,3,3.0,2,Prime Suburb,50,0.0,yes,unfurnished,13935813.0,6.0,0
538.0,1,1.0,3,Suburb,21,0.0,yes,semi-furnished,4430129.0,2.0,0
1482.0,2,2.0,3,Outskirts,57,1.0,no,unfurnished,5244526.0,4.0,0
1573.0,2,2.0,3,Prime Suburb,16,2.0,yes,semi-furnished,17659356.0,4.0,0
916.0,4,3.0,2,City Centre,53,0.0,yes,furnished,16901751.0,7.0,0
2049.0,2,2.0,1,City Centre,22,1.0,no,semi-furnished,24252674.625,4.0,0
1178.0,2,1.0,3,Outskirts,20,2.0,no,semi-furnished,5666168.0,3.0,0
782.0,2,1.0,1,Suburb,9,0.0,yes,semi-furnished,8445966.0,3.0,0
2214.5,3,1.0,2,City Centre,55,0.0,yes,unfurnished,17426910.0,4.0,0
1506.0,3,2.0,1,Premium Township,9,2.0,no,furnished,20191106.0,5.0,0
1501.0,4,3.0,2,City Centre,33,2.0,yes,unfurnished,23172165.0,7.0,0
1625.0,3,3.0,2,Suburb,41,1.0,yes,semi-furnished,11085898.0,6.0,0
1151.0,2,2.0,1,Prime Suburb,1,0.0,yes,unfurnished,11992326.0,4.0,1
614.0,2,2.0,3,Prime Suburb,7,0.0,yes,unfurnished,6641802.0,4.0,0
1113.0,4,4.0,4,Outskirts,21,1.0,yes,semi-furnished,6151825.0,8.0,0
1499.0,2,1.0,2,Premium Township,60,2.0,yes,furnished,24252674.625,3.0,0
1477.0,3,2.0,2,Outskirts,27,2.0,no,unfurnished,7514561.0,5.0,0
730.0,2,1.0,1,Prime Suburb,16,1.0,yes,unfurnished,8329710.0,3.0,0
1326.0,2,2.0,3,Outskirts,43,0.0,yes,semi-furnished,5866962.0,4.0,0
1180.0,2,1.0,2,City Centre,29,0.0,yes,semi-furnished,16569448.0,3.0,0
874.0,3,2.0,1,Suburb,1,0.0,no,semi-furnished,7899479.0,5.0,1
1049.0,3,3.0,2,Suburb,14,1.0,yes,semi-furnished,9538193.0,6.0,0
981.0,2,1.0,2,Prime Suburb,0,2.0,yes,unfurnished,10331054.0,3.0,1
439.0,1,1.0,1,Prime Suburb,27,0.0,yes,unfurnished,5642186.0,2.0,0
1753.0,4,4.0,1,Outskirts,58,1.0,no,semi-furnished,7191461.0,8.0,0
1532.0,2,1.0,4,Prime Suburb,21,1.0,no,unfurnished,14219506.0,3.0,0
1341.0,2,2.0,2,Prime Suburb,30,0.0,no,unfurnished,12261434.0,4.0,0
1752.0,1,1.0,3,Premium Township,46,2.0,no,semi-furnished,19037566.0,2.0,0
1212.0,5,5.0,4,Suburb,12,2.0,no,furnished,12666799.0,10.0,0
1356.0,1,1.0,2,Suburb,0,1.0,no,furnished,10635116.0,2.0,1
1338.0,5,5.0,2,Prime Suburb,27,1.0,yes,semi-furnished,15868724.0,10.0,0
542.0,3,2.0,1,Prime Suburb,22,1.0,no,unfurnished,8410575.0,5.0,0
910.0,3,1.0,2,City Centre,40,2.0,yes,semi-furnished,14325418.0,4.0,0
1038.0,3,3.0,1,Suburb,59,0.0,yes,unfurnished,5723200.0,6.0,0
1557.0,2,2.0,2,City Centre,8,3.0,yes,unfurnished,24252674.625,4.0,0
1459.0,3,1.0,2,Suburb,60,3.0,yes,furnished,9589388.0,4.0,0
1341.0,2,1.0,2,Suburb,36,0.0,yes,semi-furnished,8765967.0,3.0,0
992.0,5,5.0,1,Suburb,32,1.0,yes,furnished,10361266.0,10.0,0
573.0,3,3.0,3,Suburb,42,1.0,no,unfurnished,4522454.0,6.0,0
1708.0,2,2.0,2,Prime Suburb,6,1.0,yes,semi-furnished,18090839.0,4.0,0
994.0,2,1.0,1,Suburb,37,1.0,no,semi-furnished,6549358.0,3.0,0
1915.0,3,3.0,2,City Centre,18,2.0,yes,unfurnished,24252674.625,6.0,0
1010.0,2,1.0,1,Suburb,32,1.0,yes,semi-furnished,6667854.0,3.0,0
1140.0,1,1.0,2,Suburb,30,1.0,yes,unfurnished,6536353.0,2.0,0
1415.0,1,1.0,2,Suburb,53,3.0,yes,furnished,8350801.0,2.0,0
977.0,4,2.0,2,Suburb,23,0.0,yes,unfurnished,6275397.0,6.0,0
639.0,3,3.0,3,Outskirts,9,2.0,no,semi-furnished,5348372.0,6.0,0
1769.0,1,1.0,3,Suburb,14,1.0,no,semi-furnished,24252674.625,2.0,0
1900.0,2,2.0,3,Prime Suburb,19,1.0,yes,furnished,19957984.0,4.0,0
1205.0,1,1.0,2,Suburb,56,1.0,yes,unfurnished,6483817.0,2.0,0
1085.0,4,3.0,3,Prime Suburb,33,0.0,yes,furnished,13447800.0,7.0,0
1272.0,1,1.0,3,Premium Township,4,0.0,no,semi-furnished,15547117.0,2.0,1
1150.0,3,1.0,3,City Centre,21,1.0,yes,semi-furnished,24252674.625,4.0,0
700.0,2,2.0,1,Prime Suburb,27,1.0,yes,semi-furnished,7763064.0,4.0,0
1538.0,3,3.0,3,Suburb,6,1.0,no,semi-furnished,12136840.0,6.0,0
1155.0,2,2.0,1,Prime Suburb,14,1.0,yes,semi-furnished,12801159.0,4.0,0
1399.0,2,1.0,3,Suburb,41,2.0,yes,semi-furnished,10092774.0,3.0,0
1084.0,4,4.0,1,Suburb,60,1.0,yes,unfurnished,7653755.0,8.0,0
1166.0,1,1.0,1,Suburb,35,1.0,yes,semi-furnished,7465188.0,2.0,0
787.0,1,1.0,3,Suburb,32,2.0,yes,semi-furnished,6561766.0,2.0,0
856.0,5,4.0,2,Prime Suburb,23,3.0,yes,semi-furnished,13587589.0,9.0,0
1322.0,3,3.0,1,Prime Suburb,21,2.0,yes,furnished,15865724.0,6.0,0
1082.0,2,1.0,1,Suburb,0,1.0,yes,unfurnished,7050607.0,3.0,1
1314.0,5,5.0,1,Suburb,22,0.0,no,unfurnished,8787511.0,10.0,0
815.0,3,3.0,1,Suburb,48,2.0,no,furnished,6897300.0,6.0,0
900.0,1,1.0,2,Suburb,45,1.0,yes,unfurnished,5020111.0,2.0,0
1047.0,3,1.0,3,Suburb,53,2.0,yes,semi-furnished,8189660.0,4.0,0
770.0,3,3.0,1,Suburb,44,1.0,no,semi-furnished,4197873.0,6.0,0
1045.0,2,1.0,2,Suburb,11,0.0,yes,semi-furnished,6230075.0,3.0,0
671.0,2,2.0,3,Suburb,46,2.0,no,furnished,4112054.0,4.0,0
1673.0,1,1.0,4,Suburb,48,1.0,yes,semi-furnished,10674645.0,2.0,0
956.0,2,1.0,1,City Centre,11,1.0,yes,unfurnished,14698669.0,3.0,0
1401.0,3,3.0,3,Suburb,45,0.0,no,unfurnished,10366962.0,6.0,0
1922.0,3,3.0,2,Premium Township,34,2.0,yes,furnished,22855554.0,6.0,0
1624.0,5,5.0,2,Suburb,9,1.0,no,furnished,13851316.0,10.0,0
350.0,1,1.0,1,Suburb,17,1.0,yes,semi-furnished,3135545.0,2.0,0
1385.0,3,2.0,1,Suburb,8,1.0,yes,semi-furnished,10686549.0,5.0,0
364.0,3,2.0,1,City Centre,55,1.0,yes,furnished,6410900.0,5.0,0
1384.0,4,4.0,3,City Centre,30,1.0,no,unfurnished,20872610.0,8.0,0
1491.0,3,3.0,1,Suburb,9,0.0,yes,furnished,12368145.0,6.0,0
1721.0,2,1.0,1,Prime Suburb,12,2.0,yes,semi-furnished,17079634.0,3.0,0
368.0,3,1.0,3,Suburb,56,1.0,yes,semi-furnished,3203338.0,4.0,0
1116.0,2,2.0,1,Suburb,19,3.0,yes,unfurnished,8193270.0,4.0,0
514.0,3,3.0,4,Prime Suburb,1,1.0,yes,unfurnished,9167195.0,6.0,1
1447.0,3,2.0,3,Prime Suburb,8,0.0,yes,semi-furnished,14983796.0,5.0,0
666.0,3,3.0,2,Suburb,47,3.0,yes,unfurnished,7492149.0,6.0,0
1338.0,3,1.0,4,Prime Suburb,7,0.0,no,semi-furnished,12688679.0,4.0,0
997.0,3,3.0,2,Premium Township,0,3.0,no,furnished,15577566.0,6.0,1
381.0,2,2.0,3,Outskirts,39,0.0,no,semi-furnished,3138565.0,4.0,0
984.0,3,3.0,3,Suburb,50,1.0,yes,semi-furnished,7625943.0,6.0,0
928.0,2,2.0,2,Prime Suburb,56,2.0,yes,semi-furnished,7942738.0,4.0,0
1009.0,2,2.0,2,Prime Suburb,57,3.0,yes,unfurnished,8770816.0,4.0,0
1311.0,1,1.0,1,Premium Township,27,2.0,no,semi-furnished,14786849.0,2.0,0
823.0,3,3.0,2,Suburb,28,1.0,no,furnished,9048482.0,6.0,0
1020.0,1,1.0,2,Outskirts,12,3.0,yes,semi-furnished,6124219.0,2.0,0
805.0,1,1.0,1,Suburb,8,3.0,no,unfurnished,5113164.0,2.0,0
502.0,2,2.0,3,Prime Suburb,10,2.0,yes,unfurnished,7586344.0,4.0,0
526.0,3,3.0,2,Premium Township,34,1.0,yes,semi-furnished,9318039.0,6.0,0
1150.0,2,2.0,2,Suburb,1,3.0,no,semi-furnished,10776255.0,4.0,1
350.0,1,1.0,2,Outskirts,56,1.0,no,unfurnished,1200000.0,2.0,0
1200.0,1,1.0,1,City Centre,4,1.0,yes,unfurnished,19877273.0,2.0,1
1265.0,5,4.0,2,Outskirts,22,1.0,no,semi-furnished,7973458.0,9.0,0
1508.0,1,1.0,1,Suburb,16,3.0,no,unfurnished,8717211.0,2.0,0
1483.0,2,1.0,1,Outskirts,0,1.0,yes,furnished,8668097.0,3.0,1
1044.0,1,1.0,4,Outskirts,23,1.0,yes,semi-furnished,5986507.0,2.0,0
1012.0,4,4.0,2,Suburb,8,2.0,yes,unfurnished,12719986.0,8.0,0
482.0,4,4.0,3,Outskirts,4,2.0,no,semi-furnished,6053262.0,8.0,1
1131.0,3,1.0,1,Suburb,45,3.0,yes,furnished,9148117.0,4.0,0
986.0,4,4.0,2,Premium Township,53,2.0,yes,unfurnished,13952438.0,8.0,0
734.0,4,4.0,1,City Centre,5,2.0,yes,furnished,14541042.0,8.0,1
651.0,3,3.0,3,Premium Township,35,1.0,yes,semi-furnished,8799640.0,6.0,0
1654.0,2,2.0,2,Premium Township,9,1.0,no,furnished,20824976.0,4.0,0
998.0,3,3.0,3,City Centre,5,2.0,yes,semi-furnished,24252674.625,6.0,1
1110.0,3,1.0,2,Suburb,53,1.0,yes,semi-furnished,8139915.0,4.0,0
1312.0,3,3.0,1,Prime Suburb,21,2.0,no,semi-furnished,14028516.0,6.0,0
611.0,4,4.0,1,Prime Suburb,44,0.0,yes,unfurnished,8313653.0,8.0,0
947.0,3,2.0,2,City Centre,51,1.0,yes,semi-furnished,10621976.0,5.0,0
1070.0,2,2.0,1,Outskirts,6,3.0,yes,semi-furnished,7396850.0,4.0,0
1730.0,2,2.0,2,Prime Suburb,52,1.0,yes,furnished,16782408.0,4.0,0
749.0,1,1.0,2,Suburb,7,3.0,no,semi-furnished,7425244.0,2.0,0
1723.0,2,2.0,1,Prime Suburb,14,1.0,yes,semi-furnished,17297580.0,4.0,0
1496.0,3,2.0,1,City Centre,45,0.0,yes,semi-furnished,19274756.0,5.0,0
1199.0,3,2.0,2,Prime Suburb,17,1.0,no,furnished,13833071.0,5.0,0
1759.0,4,3.0,1,City Centre,8,0.0,yes,semi-furnished,24252674.625,7.0,0
847.0,2,1.0,2,Prime Suburb,13,0.0,no,unfurnished,9291195.0,3.0,0
1227.0,4,4.0,2,Suburb,44,0.0,yes,unfurnished,9076645.0,8.0,0
505.0,3,3.0,1,Suburb,60,1.0,no,furnished,3518281.0,6.0,0
928.0,2,2.0,3,Outskirts,32,2.0,no,semi-furnished,4366294.0,4.0,0
1878.0,3,3.0,3,Suburb,2,0.0,yes,furnished,13568126.0,6.0,1
1702.0,1,1.0,1,Prime Suburb,7,0.0,yes,semi-furnished,16396190.0,2.0,0
1065.0,2,2.0,3,Suburb,55,0.0,yes,unfurnished,7057458.0,4.0,0
1926.0,1,1.0,2,City Centre,55,2.0,yes,semi-furnished,24252674.625,2.0,0
569.0,2,2.0,1,Suburb,17,1.0,yes,semi-furnished,5225158.0,4.0,0
978.0,3,3.0,2,Prime Suburb,21,2.0,yes,furnished,12680910.0,6.0,0
1044.0,1,1.0,1,Suburb,4,2.0,yes,furnished,8350316.0,2.0,1
1413.0,5,5.0,2,Prime Suburb,6,1.0,yes,semi-furnished,17092562.0,10.0,0
1246.0,2,2.0,2,Premium Township,25,0.0,yes,semi-furnished,14535837.0,4.0,0
1257.0,2,2.0,1,Suburb,46,1.0,yes,unfurnished,8674798.0,4.0,0
1548.0,2,1.0,2,Suburb,46,0.0,no,unfurnished,9831933.0,3.0,0
1162.0,4,3.0,1,Suburb,42,3.0,yes,semi-furnished,9065536.0,7.0,0
1178.0,2,1.0,2,Prime Suburb,59,1.0,yes,semi-furnished,10289126.0,3.0,0
683.0,2,2.0,2,Suburb,22,3.0,no,unfurnished,7450332.0,4.0,0
789.0,3,3.0,2,City Centre,5,2.0,no,semi-furnished,14582488.0,6.0,1
1128.0,1,1.0,1,Prime Suburb,56,1.0,yes,unfurnished,9126965.0,2.0,0
1383.0,2,2.0,1,City Centre,9,3.0,yes,unfurnished,21073202.0,4.0,0
1222.0,3,2.0,1,Suburb,0,1.0,yes,unfurnished,12412777.0,5.0,1
1336.0,2,1.0,2,Outskirts,5,1.0,no,furnished,6294107.0,3.0,1
1568.0,1,1.0,1,Premium Township,27,1.0,yes,furnished,20765956.0,2.0,0
1150.0,3,3.0,2,Prime Suburb,29,0.0,no,unfurnished,9484215.0,6.0,0
1107.0,2,2.0,3,Prime Suburb,12,1.0,no,semi-furnished,11406271.0,4.0,0
350.0,2,1.0,1,Prime Suburb,2,1.0,yes,semi-furnished,6142017.0,3.0,1
1501.0,4,3.0,2,Prime Suburb,41,1.0,yes,semi-furnished,17077460.0,7.0,0
1021.0,2,2.0,4,Suburb,40,1.0,no,semi-furnished,6246120.0,4.0,0
1420.0,4,4.0,1,Outskirts,9,1.0,yes,furnished,8716415.0,8.0,0
350.0,3,3.0,2,Prime Suburb,24,3.0,yes,unfurnished,4010184.0,6.0,0
1385.0,4,3.0,2,Prime Suburb,17,1.0,yes,furnished,16072428.0,7.0,0
1114.0,4,3.0,1,Prime Suburb,49,1.0,yes,unfurnished,10754396.0,7.0,0
1465.0,5,5.0,4,Prime Suburb,57,3.0,yes,semi-furnished,15699577.0,10.0,0
1931.0,2,2.0,2,Outskirts,32,1.0,yes,semi-furnished,7770507.0,4.0,0
1817.0,3,2.0,2,Prime Suburb,40,0.0,yes,semi-furnished,16550765.0,5.0,0
1149.0,3,3.0,1,Suburb,8,0.0,yes,furnished,11073512.0,6.0,0
1330.0,2,2.0,1,Prime Suburb,18,1.0,yes,furnished,15550943.0,4.0,0
1378.0,2,1.0,1,Suburb,57,2.0,no,semi-furnished,8789399.0,3.0,0
938.0,3,3.0,2,Outskirts,42,1.0,no,semi-furnished,5668361.0,6.0,0
1034.0,2,2.0,2,Suburb,1,0.0,no,unfurnished,8623769.0,4.0,1
1307.0,4,3.0,1,Suburb,18,1.0,yes,unfurnished,10341695.0,7.0,0
1188.0,1,1.0,3,Suburb,42,0.0,yes,semi-furnished,6686131.0,2.0,0
477.0,2,1.0,1,Premium Township,58,2.0,no,semi-furnished,7057048.0,3.0,0
1248.0,2,1.0,4,Suburb,24,3.0,no,semi-furnished,9475022.0,3.0,0
1291.0,3,3.0,3,Prime Suburb,12,1.0,yes,unfurnished,14714109.0,6.0,0
1040.0,2,1.0,3,City Centre,6,1.0,yes,semi-furnished,16371433.0,3.0,0
1568.0,4,3.0,2,Prime Suburb,53,0.0,yes,semi-furnished,15180083.0,7.0,0
1496.0,2,2.0,3,Prime Suburb,36,2.0,no,semi-furnished,15101519.0,4.0,0
1696.0,1,1.0,1,Suburb,4,1.0,yes,semi-furnished,11033593.0,2.0,1
1636.0,3,2.0,2,Outskirts,28,1.0,yes,semi-furnished,7411002.0,5.0,0
539.0,4,3.0,3,Suburb,35,0.0,yes,semi-furnished,6269883.0,7.0,0
1008.0,3,2.0,1,Outskirts,37,0.0,no,unfurnished,5013038.0,5.0,0
1599.0,2,1.0,2,Prime Suburb,21,2.0,yes,semi-furnished,15887534.0,3.0,0
1125.0,1,1.0,2,Prime Suburb,39,2.0,yes,semi-furnished,11187072.0,2.0,0
1056.0,2,2.0,2,Prime Suburb,46,0.0,no,semi-furnished,9177387.0,4.0,0
1038.0,4,4.0,3,Suburb,2,3.0,no,unfurnished,10031697.0,8.0,1
1365.0,4,4.0,1,City Centre,7,0.0,yes,semi-furnished,22247618.0,8.0,0
1676.0,2,1.0,1,Outskirts,8,1.0,no,unfurnished,6727809.0,3.0,0
1377.0,4,3.0,3,City Centre,53,2.0,yes,furnished,19259324.0,7.0,0
1003.0,1,1.0,2,Suburb,32,1.0,yes,unfurnished,8057784.0,2.0,0
881.0,1,1.0,3,Prime Suburb,44,1.0,yes,unfurnished,9822432.0,2.0,0
1418.0,3,3.0,1,Outskirts,51,1.0,yes,semi-furnished,5839984.0,6.0,0
667.0,1,1.0,1,Premium Township,41,0.0,no,furnished,7289972.0,2.0,0
2116.0,3,3.0,2,Suburb,29,0.0,yes,unfurnished,14438805.0,6.0,0
1617.0,2,2.0,1,Outskirts,25,3.0,yes,unfurnished,5800995.0,4.0,0
1258.0,2,1.0,1,Outskirts,20,1.0,no,furnished,5975469.0,3.0,0
2044.0,2,2.0,4,Outskirts,56,0.0,no,furnished,6082432.0,4.0,0
1176.0,4,4.0,2,Premium Township,36,0.0,yes,furnished,15134960.0,8.0,0
1023.0,4,4.0,4,Prime Suburb,30,0.0,no,semi-furnished,13210244.0,8.0,0
1922.0,1,1.0,1,Prime Suburb,5,0.0,no,furnished,20142164.0,2.0,1
1323.0,2,1.0,2,Outskirts,37,1.0,yes,furnished,5217378.0,3.0,0
1761.0,3,2.0,1,Suburb,42,2.0,yes,semi-furnished,12763175.0,5.0,0
902.0,3,2.0,2,Prime Suburb,5,3.0,yes,furnished,12234654.0,5.0,1
935.0,3,2.0,1,City Centre,57,1.0,yes,semi-furnished,13986772.0,5.0,0
1445.0,3,2.0,1,Prime Suburb,46,2.0,yes,semi-furnished,16197416.0,5.0,0
1606.0,1,1.0,1,Suburb,11,2.0,yes,furnished,11368371.0,2.0,0
1201.0,2,1.0,2,Suburb,30,2.0,yes,unfurnished,8624084.0,3.0,0
1807.0,3,3.0,2,Outskirts,44,1.0,yes,semi-furnished,6756835.0,6.0,0
1484.0,4,4.0,1,Outskirts,54,1.0,yes,semi-furnished,8685962.0,8.0,0
1768.0,4,4.0,2,Suburb,30,1.0,no,semi-furnished,14986477.0,8.0,0
891.0,3,2.0,2,Prime Suburb,5,1.0,yes,furnished,11454868.0,5.0,1
350.0,3,1.0,2,Premium Township,9,1.0,yes,unfurnished,7338564.0,4.0,0
1144.0,3,3.0,2,Outskirts,4,1.0,yes,semi-furnished,8546329.0,6.0,1
350.0,3,1.0,3,Suburb,54,2.0,no,semi-furnished,3008348.0,4.0,0
1161.0,3,3.0,2,Suburb,33,1.0,yes,unfurnished,6929814.0,6.0,0
805.0,3,2.0,2,Premium Township,22,1.0,yes,furnished,11646371.0,5.0,0
788.0,2,1.0,2,City Centre,0,1.0,no,unfurnished,13697527.0,3.0,1
762.0,3,3.0,2,Premium Township,6,2.0,no,semi-furnished,10455697.0,6.0,0
1336.0,3,3.0,1,Suburb,42,0.0,yes,unfurnished,8122657.0,6.0,0
350.0,4,4.0,2,Prime Suburb,43,1.0,no,unfurnished,6348611.0,8.0,0
931.0,2,1.0,1,City Centre,28,1.0,yes,unfurnished,14573936.0,3.0,0
1115.0,3,2.0,1,Outskirts,53,0.0,yes,furnished,5810124.0,5.0,0
1829.0,2,2.0,3,City Centre,21,1.0,yes,semi-furnished,24252674.625,4.0,0
1650.0,2,1.0,1,Prime Suburb,33,1.0,yes,unfurnished,14527444.0,3.0,0
1289.0,4,3.0,1,City Centre,3,2.0,yes,unfurnished,19985829.0,7.0,1
989.0,3,2.0,1,Outskirts,16,1.0,no,furnished,6959396.0,5.0,0
844.0,2,1.0,2,Outskirts,54,1.0,no,unfurnished,2485710.0,3.0,0
1406.0,3,1.0,2,Outskirts,51,1.0,yes,unfurnished,5330271.0,4.0,0
1723.0,2,1.0,1,Outskirts,30,1.0,yes,unfurnished,6070252.0,3.0,0
2214.5,3,2.0,2,Prime Suburb,3,1.0,yes,furnished,15452398.0,5.0,1
1424.0,2,1.0,1,Prime Suburb,20,3.0,yes,unfurnished,12739496.0,3.0,0
1674.0,3,3.0,3,Suburb,12,1.0,yes,furnished,13204608.0,6.0,0
1226.0,2,2.0,2,City Centre,1,0.0,yes,furnished,18770511.0,4.0,1
1639.0,3,2.0,3,Prime Suburb,54,0.0,yes,unfurnished,16710391.0,5.0,0
1193.0,2,2.0,3,Prime Suburb,15,1.0,yes,furnished,13805721.0,4.0,0
1811.0,4,4.0,2,Suburb,36,1.0,yes,furnished,14867217.0,8.0,0
1509.0,3,3.0,1,City Centre,41,0.0,no,semi-furnished,20736217.0,6.0,0
1239.0,3,3.0,1,City Centre,46,1.0,yes,semi-furnished,18508947.0,6.0,0
1192.0,2,1.0,1,Suburb,32,1.0,yes,semi-furnished,7964204.0,3.0,0
1148.0,3,3.0,1,Outskirts,9,0.0,yes,semi-furnished,6311630.0,6.0,0
1296.0,3,3.0,3,Suburb,51,1.0,yes,semi-furnished,9684991.0,6.0,0
1135.0,2,1.0,3,Outskirts,21,1.0,yes,furnished,7638907.0,3.0,0
2214.5,2,1.0,2,Outskirts,30,0.0,yes,unfurnished,7684506.0,3.0,0
1138.0,4,4.0,2,Prime Suburb,21,1.0,yes,semi-furnished,11958098.0,8.0,0
1283.0,2,1.0,2,Prime Suburb,60,0.0,yes,semi-furnished,13360936.0,3.0,0
1144.0,3,2.0,1,Outskirts,50,2.0,yes,semi-furnished,4752145.0,5.0,0
1085.0,4,3.0,1,Premium Township,49,0.0,yes,unfurnished,12979457.0,7.0,0
1193.0,2,2.0,2,Suburb,21,1.0,yes,semi-furnished,10087789.0,4.0,0
678.0,3,3.0,3,Suburb,22,1.0,no,semi-furnished,6937837.0,6.0,0
1000.0,1,1.0,1,City Centre,26,0.0,yes,unfurnished,11234780.0,2.0,0
1305.0,2,2.0,1,Prime Suburb,16,1.0,yes,unfurnished,13548086.0,4.0,0
1165.0,1,1.0,1,Prime Suburb,4,1.0,no,semi-furnished,13431817.0,2.0,1
716.0,3,2.0,2,Suburb,53,1.0,no,furnished,7151935.0,5.0,0
681.0,1,1.0,1,City Centre,37,1.0,yes,unfurnished,9022172.0,2.0,0
2177.0,1,1.0,1,Prime Suburb,35,1.0,no,unfurnished,18786803.0,2.0,0
1338.0,4,4.0,1,Prime Suburb,2,2.0,yes,semi-furnished,15970824.0,8.0,1
1036.0,2,1.0,2,Suburb,21,1.0,yes,unfurnished,24252674.625,3.0,0
1120.0,3,3.0,2,Suburb,60,0.0,yes,furnished,8313024.0,6.0,0
1700.0,2,2.0,1,Prime Suburb,55,1.0,yes,semi-furnished,16700339.0,4.0,0
922.0,3,2.0,1,Premium Township,8,1.0,yes,furnished,14294056.0,5.0,0
1151.0,3,3.0,2,Prime Suburb,9,1.0,yes,unfurnished,12910602.0,6.0,0
555.0,3,3.0,1,Premium Township,14,3.0,no,furnished,11012780.0,6.0,0
814.0,2,2.0,1,City Centre,37,1.0,no,semi-furnished,12142187.0,4.0,0
1222.0,1,1.0,2,Premium Township,39,0.0,yes,semi-furnished,14218238.0,2.0,0
1308.0,3,2.0,3,Outskirts,25,3.0,yes,semi-furnished,7965094.0,5.0,0
940.0,3,3.0,2,City Centre,26,1.0,yes,furnished,16261471.0,6.0,0
715.0,2,2.0,1,Suburb,28,0.0,yes,furnished,4850083.0,4.0,0
1516.0,3,2.0,1,Premium Township,30,2.0,yes,furnished,18306933.0,5.0,0
761.0,3,2.0,2,Suburb,48,3.0,no,semi-furnished,6167067.0,5.0,0
1156.0,5,4.0,2,Outskirts,44,1.0,yes,furnished,6745662.0,9.0,0
350.0,3,3.0,2,Outskirts,16,1.0,no,furnished,3318652.0,6.0,0
1249.0,1,1.0,1,Premium Township,38,1.0,yes,semi-furnished,13375893.0,2.0,0
1415.0,2,1.0,3,City Centre,42,1.0,yes,semi-furnished,20542284.0,3.0,0
1196.0,2,1.0,3,Outskirts,32,1.0,yes,unfurnished,19983716.632947624,3.0,0
928.0,3,3.0,1,Suburb,42,3.0,yes,semi-furnished,8220011.0,6.0,0
1009.0,1,1.0,1,Suburb,20,0.0,no,semi-furnished,7779268.0,2.0,0
781.0,2,1.0,3,Suburb,16,2.0,yes,semi-furnished,6460066.0,3.0,0
767.0,2,1.0,2,Outskirts,57,2.0,yes,unfurnished,3226407.0,3.0,0
350.0,1,1.0,2,Suburb,5,1.0,no,unfurnished,4427570.0,2.0,1
1774.0,3,2.0,3,Premium Township,3,1.0,yes,unfurnished,23817279.0,5.0,1
786.0,3,3.0,1,City Centre,36,0.0,yes,semi-furnished,13266514.0,6.0,0
792.0,2,2.0,2,City Centre,32,1.0,yes,unfurnished,13005104.0,4.0,0
2214.5,4,4.0,3,Suburb,52,1.0,yes,semi-furnished,9903209.0,8.0,0
1873.0,4,4.0,1,City Centre,21,2.0,yes,unfurnished,24252674.625,8.0,0
1905.0,4,2.0,3,Premium Township,29,1.0,yes,semi-furnished,22585350.0,6.0,0
1522.0,2,2.0,1,Suburb,5,1.0,no,unfurnished,10110170.0,4.0,1
628.0,3,3.0,2,City Centre,56,2.0,no,semi-furnished,10298803.0,6.0,0
919.0,2,1.0,3,Premium Township,56,0.0,yes,semi-furnished,12136404.0,3.0,0
1233.0,5,4.0,1,Suburb,58,1.0,yes,semi-furnished,9339139.0,9.0,0
1303.0,3,3.0,3,Suburb,43,0.0,yes,semi-furnished,9301562.0,6.0,0
800.0,2,1.0,2,Suburb,28,1.0,no,furnished,6369007.0,3.0,0
2167.0,2,2.0,1,Suburb,57,1.0,no,semi-furnished,13377536.0,4.0,0
731.0,1,1.0,2,Prime Suburb,39,2.0,yes,furnished,7159308.0,2.0,0
914.0,3,2.0,1,Suburb,14,1.0,yes,furnished,8891166.0,5.0,0
350.0,2,2.0,1,Outskirts,19,0.0,yes,unfurnished,2902285.0,4.0,0
1656.0,4,3.0,2,Suburb,27,1.0,no,furnished,12154158.0,7.0,0
488.0,3,3.0,3,Prime Suburb,21,3.0,no,furnished,8686728.0,6.0,0
1420.0,4,2.0,2,Premium Township,52,1.0,no,unfurnished,15477808.0,6.0,0
1349.0,2,2.0,1,Prime Suburb,10,0.0,no,furnished,14059898.0,4.0,0
1104.0,1,1.0,1,Prime Suburb,38,1.0,yes,semi-furnished,11304645.0,2.0,0
872.0,3,3.0,3,Suburb,11,1.0,no,semi-furnished,8061267.0,6.0,0
1150.0,3,1.0,2,Outskirts,29,1.0,yes,semi-furnished,6610866.0,4.0,0
1564.0,3,2.0,4,Suburb,35,2.0,yes,semi-furnished,11524945.0,5.0,0
478.0,2,2.0,1,Prime Suburb,35,2.0,yes,unfurnished,6346127.0,4.0,0
1250.0,2,1.0,3,Prime Suburb,22,1.0,yes,semi-furnished,11833050.0,3.0,0
745.0,1,1.0,1,City Centre,29,0.0,yes,unfurnished,11940445.0,2.0,0
1034.0,2,1.0,1,Prime Suburb,29,3.0,no,semi-furnished,9451916.0,3.0,0
1431.0,5,5.0,4,City Centre,43,0.0,yes,unfurnished,22317357.0,10.0,0
1044.0,3,1.0,3,Suburb,2,1.0,yes,semi-furnished,10980202.0,4.0,1
1991.0,3,2.0,2,City Centre,33,3.0,yes,semi-furnished,24252674.625,5.0,0
1480.0,5,2.0,2,Prime Suburb,39,1.0,no,semi-furnished,15685376.0,7.0,0
1645.0,2,2.0,1,Suburb,6,1.0,no,unfurnished,10877604.0,4.0,0
350.0,3,2.0,1,Outskirts,22,1.0,yes,semi-furnished,4503222.0,5.0,0
355.0,2,2.0,2,Suburb,15,0.0,yes,furnished,4244490.0,4.0,0
1274.0,3,2.0,1,City Centre,4,2.0,yes,semi-furnished,20251652.0,5.0,1
1221.0,2,2.0,2,Outskirts,19,0.0,yes,furnished,5876960.0,4.0,0
1048.0,3,2.0,2,Suburb,50,3.0,no,semi-furnished,8529194.0,5.0,0
422.0,1,1.0,1,Prime Suburb,1,1.0,yes,furnished,7150052.0,2.0,1
1772.0,2,1.0,2,Prime Suburb,34,2.0,yes,semi-furnished,16155027.0,3.0,0
1443.0,1,1.0,1,Suburb,28,0.0,yes,unfurnished,8434504.0,2.0,0
1444.0,4,4.0,1,Suburb,26,1.0,no,semi-furnished,12242716.0,8.0,0
1392.0,2,2.0,2,City Centre,24,1.0,yes,furnished,22180171.0,4.0,0
1062.0,5,5.0,1,Suburb,1,3.0,no,semi-furnished,12757392.0,10.0,1
2022.0,1,1.0,2,Outskirts,4,2.0,yes,semi-furnished,9331818.0,2.0,1
991.0,2,1.0,3,Outskirts,51,1.0,yes,furnished,5130678.0,3.0,0
834.0,3,3.0,1,Prime Suburb,5,0.0,no,unfurnished,9348736.0,6.0,1
1932.0,2,1.0,2,City Centre,36,3.0,yes,semi-furnished,24252674.625,3.0,0
877.0,2,1.0,2,City Centre,36,0.0,no,semi-furnished,11228400.0,3.0,0
1317.0,3,3.0,3,Suburb,28,1.0,no,unfurnished,12008155.0,6.0,0
1277.0,5,4.0,1,Suburb,49,1.0,yes,semi-furnished,11398315.0,9.0,0
1047.0,4,4.0,1,Prime Suburb,44,3.0,yes,semi-furnished,11816709.0,8.0,0
1642.0,5,4.0,1,Suburb,25,1.0,yes,semi-furnished,12635123.0,9.0,0
1775.0,5,5.0,3,Suburb,47,1.0,yes,unfurnished,14074643.0,10.0,0
1488.0,3,2.0,2,Prime Suburb,19,1.0,yes,semi-furnished,14827378.0,5.0,0
1706.0,3,3.0,1,City Centre,18,1.0,no,unfurnished,24252674.625,6.0,0
1477.0,2,1.0,3,Outskirts,35,1.0,yes,semi-furnished,5958454.0,3.0,0
1070.0,2,2.0,1,Suburb,3,1.0,yes,semi-furnished,8157231.0,4.0,1
1492.0,1,1.0,1,Prime Suburb,32,0.0,yes,semi-furnished,14800683.0,2.0,0
953.0,2,1.0,3,Outskirts,40,0.0,no,unfurnished,4690956.0,3.0,0
1272.0,2,2.0,2,Suburb,55,0.0,yes,unfurnished,8343109.0,4.0,0
1575.0,3,3.0,2,City Centre,23,1.0,yes,semi-furnished,23045879.0,6.0,0
1172.0,2,1.0,2,Prime Suburb,40,3.0,yes,semi-furnished,11683482.0,3.0,0
993.0,3,3.0,2,City Centre,20,1.0,yes,unfurnished,16828519.0,6.0,0
664.0,2,1.0,2,Outskirts,27,1.0,no,semi-furnished,4208057.0,3.0,0
1298.0,3,2.0,3,City Centre,45,1.0,yes,semi-furnished,19718749.0,5.0,0
948.0,4,4.0,2,Premium Township,6,2.0,yes,semi-furnished,14966312.0,8.0,0
2030.0,4,4.0,1,Prime Suburb,12,3.0,yes,furnished,22756740.0,8.0,0
724.0,3,3.0,3,Prime Suburb,5,1.0,yes,unfurnished,9783776.0,6.0,1
1252.0,2,1.0,2,Suburb,49,3.0,yes,unfurnished,9252020.0,3.0,0
543.0,1,1.0,1,Outskirts,3,1.0,yes,furnished,4714067.0,2.0,1
560.0,4,3.0,1,Outskirts,46,0.0,no,unfurnished,3578401.0,7.0,0
1251.0,3,2.0,1,Outskirts,35,0.0,yes,unfurnished,6676220.0,5.0,0
613.0,2,2.0,2,Suburb,59,0.0,yes,unfurnished,3134552.0,4.0,0
1151.0,3,3.0,1,Suburb,57,3.0,no,unfurnished,7374512.0,6.0,0
1195.0,2,1.0,2,City Centre,28,1.0,yes,semi-furnished,16797667.0,3.0,0
350.0,3,3.0,2,Prime Suburb,55,2.0,yes,semi-furnished,6911116.0,6.0,0
1519.0,3,3.0,1,Suburb,26,1.0,yes,furnished,11578603.0,6.0,0
1293.0,2,2.0,1,Suburb,56,2.0,yes,unfurnished,8992189.0,4.0,0
952.0,1,1.0,2,Suburb,49,1.0,no,furnished,6193491.0,2.0,0
434.0,3,1.0,2,City Centre,59,3.0,yes,semi-furnished,7825150.0,4.0,0
667.0,5,4.0,3,Outskirts,12,0.0,yes,unfurnished,5976198.0,9.0,0
390.0,4,4.0,1,Suburb,57,1.0,no,unfurnished,4137128.0,8.0,0
979.0,3,1.0,3,Suburb,2,3.0,no,semi-furnished,9384544.0,4.0,1
1083.0,3,3.0,1,Outskirts,16,2.0,yes,semi-furnished,6673421.0,6.0,0
1535.0,3,1.0,1,City Centre,42,2.0,no,semi-furnished,23435986.0,4.0,0
555.0,4,4.0,1,Prime Suburb,16,2.0,yes,semi-furnished,9007078.0,8.0,0
572.0,3,2.0,3,Premium Township,53,2.0,yes,unfurnished,8451630.0,5.0,0
1627.0,1,1.0,2,City Centre,12,1.0,no,unfurnished,21696106.0,2.0,0
846.0,3,3.0,1,Outskirts,21,0.0,no,furnished,4772559.0,6.0,0
986.0,2,1.0,2,Suburb,30,2.0,yes,semi-furnished,7981632.0,3.0,0
1078.0,2,2.0,2,Prime Suburb,23,2.0,yes,furnished,12083731.0,4.0,0
575.0,1,1.0,2,Prime Suburb,16,2.0,yes,unfurnished,8064133.0,2.0,0
1095.0,3,2.0,1,Outskirts,60,1.0,yes,semi-furnished,5656044.0,5.0,0
1456.0,2,2.0,2,Outskirts,30,2.0,yes,semi-furnished,8004080.0,4.0,0
1759.0,1,1.0,1,Prime Suburb,42,0.0,yes,semi-furnished,16784860.0,2.0,0
1303.0,1,1.0,1,Outskirts,35,3.0,yes,semi-furnished,6021808.0,2.0,0
1769.0,3,2.0,1,Outskirts,35,1.0,no,unfurnished,6351435.0,5.0,0
1080.0,2,2.0,1,City Centre,16,1.0,yes,semi-furnished,16697475.0,4.0,0
990.0,1,1.0,3,Suburb,2,1.0,yes,unfurnished,8705337.0,2.0,1
1245.0,2,2.0,1,Prime Suburb,46,1.0,yes,unfurnished,11229496.0,4.0,0
1435.0,2,1.0,2,Suburb,50,3.0,no,semi-furnished,10702943.0,3.0,0
862.0,2,1.0,2,Suburb,37,2.0,no,semi-furnished,6293040.0,3.0,0
1893.0,3,3.0,2,City Centre,8,2.0,yes,furnished,24252674.625,6.0,0
607.0,3,2.0,2,Outskirts,38,1.0,no,semi-furnished,3307341.0,5.0,0
977.0,3,1.0,3,Outskirts,50,1.0,yes,semi-furnished,4802022.0,4.0,0
900.0,3,3.0,2,Outskirts,11,1.0,yes,furnished,6706126.0,6.0,0
1323.0,1,1.0,1,Outskirts,26,3.0,no,unfurnished,4599896.0,2.0,0
1055.0,1,1.0,3,Suburb,35,1.0,yes,furnished,8136220.0,2.0,0
1191.0,2,1.0,2,City Centre,22,2.0,yes,semi-furnished,18193905.0,3.0,0
544.0,3,2.0,1,Prime Suburb,24,0.0,yes,unfurnished,5676132.0,5.0,0
962.0,2,2.0,2,Suburb,4,1.0,yes,unfurnished,7862764.0,4.0,1
1270.0,4,4.0,1,Prime Suburb,7,1.0,yes,unfurnished,14345098.0,8.0,0
1189.0,3,3.0,1,Outskirts,10,1.0,yes,semi-furnished,6819990.0,6.0,0
1423.0,2,1.0,1,Suburb,39,2.0,no,semi-furnished,9867550.0,3.0,0
1330.0,2,1.0,3,Prime Suburb,14,3.0,yes,furnished,14851711.0,3.0,0
1514.0,4,3.0,4,Suburb,35,0.0,no,semi-furnished,9610512.0,7.0,0
1556.0,1,1.0,1,Suburb,59,3.0,yes,unfurnished,10680443.0,2.0,0
705.0,2,1.0,3,City Centre,13,1.0,yes,semi-furnished,11900221.0,3.0,0
634.0,2,2.0,2,Suburb,19,3.0,yes,furnished,5613339.0,4.0,0
1179.0,3,3.0,2,Prime Suburb,8,2.0,no,unfurnished,14005835.0,6.0,0
902.0,1,1.0,1,Prime Suburb,38,0.0,no,unfurnished,7954757.0,2.0,0
979.0,2,1.0,2,City Centre,44,2.0,no,semi-furnished,14508997.0,3.0,0
1249.0,1,1.0,3,Prime Suburb,51,1.0,yes,furnished,10563969.0,2.0,0
1150.0,2,1.0,1,Prime Suburb,35,0.0,yes,furnished,8556498.0,3.0,0
1921.0,4,3.0,3,Premium Township,7,0.0,yes,unfurnished,23730428.0,7.0,0
945.0,3,3.0,2,Suburb,6,2.0,yes,furnished,10115660.0,6.0,0
700.0,2,1.0,2,Outskirts,58,2.0,yes,furnished,3781357.0,3.0,0
842.0,4,4.0,1,Outskirts,38,0.0,no,unfurnished,3576883.0,8.0,0
534.0,2,2.0,2,Premium Township,34,0.0,yes,unfurnished,6768451.0,4.0,0
572.0,2,2.0,2,Suburb,46,0.0,yes,unfurnished,3738217.0,4.0,0
350.0,3,3.0,3,Prime Suburb,5,1.0,yes,unfurnished,6577199.0,6.0,1
1254.0,5,4.0,1,City Centre,6,3.0,yes,unfurnished,20023463.0,9.0,0
888.0,1,1.0,2,Suburb,60,3.0,yes,semi-furnished,6625279.0,2.0,0
875.0,3,1.0,3,City Centre,43,0.0,yes,unfurnished,10951271.0,4.0,0
1090.0,1,1.0,2,City Centre,36,2.0,no,unfurnished,15379092.0,2.0,0
1290.0,1,1.0,1,City Centre,14,0.0,yes,semi-furnished,18759092.0,2.0,0
1395.0,2,1.0,1,Suburb,46,0.0,yes,unfurnished,7498673.0,3.0,0
713.0,2,2.0,2,Outskirts,35,0.0,no,furnished,1940369.0,4.0,0
889.0,2,2.0,4,Suburb,20,0.0,no,semi-furnished,5645076.0,4.0,0
1373.0,2,2.0,2,City Centre,30,0.0,yes,semi-furnished,19353800.0,4.0,0
528.0,2,2.0,1,Outskirts,12,1.0,yes,semi-furnished,3657771.0,4.0,0
1155.0,1,1.0,1,Prime Suburb,39,1.0,yes,unfurnished,12220614.0,2.0,0
952.0,4,4.0,1,Outskirts,48,1.0,yes,unfurnished,4622691.0,8.0,0
1121.0,3,3.0,2,Suburb,11,2.0,yes,unfurnished,9718518.0,6.0,0
1450.0,2,1.0,2,City Centre,16,1.0,no,semi-furnished,23054319.0,3.0,0
1882.0,3,3.0,3,Prime Suburb,28,1.0,no,semi-furnished,19583671.0,6.0,0
1272.0,3,3.0,3,City Centre,47,2.0,yes,unfurnished,20202369.0,6.0,0
729.0,4,3.0,1,Outskirts,14,2.0,yes,unfurnished,6009170.0,7.0,0
425.0,3,3.0,2,Outskirts,59,3.0,no,unfurnished,3025477.0,6.0,0
2214.5,2,1.0,2,City Centre,3,1.0,yes,semi-furnished,24252674.625,3.0,1
1535.0,1,1.0,3,Suburb,2,2.0,yes,semi-furnished,10601104.0,2.0,1
991.0,3,3.0,1,Suburb,41,1.0,yes,semi-furnished,7650000.0,6.0,0
1153.0,3,2.0,2,Suburb,25,2.0,no,furnished,8154751.0,5.0,0
791.0,2,1.0,2,Prime Suburb,5,2.0,yes,semi-furnished,9505702.0,3.0,1
558.0,1,1.0,3,Prime Suburb,20,2.0,yes,semi-furnished,5952271.0,2.0,0
1215.0,1,1.0,2,Suburb,47,2.0,yes,semi-furnished,7485900.0,2.0,0
581.0,3,3.0,2,Suburb,18,1.0,yes,semi-furnished,7120213.0,6.0,0
1274.0,1,1.0,1,City Centre,43,2.0,yes,unfurnished,17766036.0,2.0,0
1075.0,2,1.0,1,Suburb,51,1.0,yes,semi-furnished,8907556.0,3.0,0
838.0,4,4.0,2,Premium Township,13,0.0,yes,furnished,13542268.0,8.0,0
1043.0,2,1.0,1,Suburb,27,0.0,yes,semi-furnished,7498385.0,3.0,0
1409.0,1,1.0,1,Outskirts,18,1.0,no,semi-furnished,4442069.0,2.0,0
350.0,3,2.0,2,Suburb,27,0.0,no,unfurnished,3991815.0,5.0,0
1261.0,3,3.0,1,City Centre,37,0.0,yes,semi-furnished,20898082.0,6.0,0
1343.0,3,3.0,1,City Centre,35,2.0,yes,furnished,20598988.0,6.0,0
1320.0,3,2.0,2,Prime Suburb,19,0.0,yes,semi-furnished,14314502.0,5.0,0
1765.0,4,4.0,3,Premium Township,16,1.0,yes,unfurnished,24252674.625,8.0,0
1122.0,2,1.0,1,Suburb,11,1.0,yes,furnished,7938746.0,3.0,0
1768.0,2,2.0,2,Suburb,1,2.0,yes,semi-furnished,13527152.0,4.0,1
1200.0,4,3.0,2,Suburb,45,0.0,no,unfurnished,10232666.0,7.0,0
1541.0,1,1.0,1,Prime Suburb,26,3.0,yes,unfurnished,13621513.0,2.0,0
907.0,2,2.0,2,Outskirts,53,0.0,no,furnished,2870855.0,4.0,0
1248.0,2,1.0,2,Suburb,42,2.0,no,furnished,9614986.0,3.0,0
1150.0,1,1.0,4,Suburb,25,1.0,yes,furnished,10648852.0,2.0,0
875.0,3,3.0,3,Premium Township,15,1.0,yes,semi-furnished,12427345.0,6.0,0
859.0,3,3.0,2,Suburb,46,0.0,yes,unfurnished,8434293.0,6.0,0
1397.0,3,2.0,3,Outskirts,14,0.0,yes,furnished,7664974.0,5.0,0
927.0,2,2.0,3,Suburb,53,1.0,yes,semi-furnished,8144629.0,4.0,0
1010.0,2,2.0,1,City Centre,37,2.0,yes,semi-furnished,16661995.0,4.0,0
1251.0,2,2.0,2,Outskirts,30,1.0,yes,unfurnished,4263333.0,4.0,0
492.0,2,2.0,4,Outskirts,27,2.0,yes,unfurnished,4814341.0,4.0,0
1324.0,3,1.0,3,City Centre,37,0.0,yes,furnished,18828040.0,4.0,0
1358.0,2,1.0,2,Outskirts,52,0.0,no,semi-furnished,6331599.0,3.0,0
455.0,4,4.0,1,Suburb,2,1.0,yes,semi-furnished,7776558.0,8.0,1
1176.0,3,3.0,1,Suburb,48,3.0,no,unfurnished,6388081.0,6.0,0
2108.0,2,2.0,4,Premium Township,44,0.0,yes,semi-furnished,23424394.0,4.0,0
1591.0,2,2.0,2,Suburb,60,2.0,no,furnished,8756897.0,4.0,0
929.0,2,2.0,4,Prime Suburb,52,2.0,no,semi-furnished,8984001.0,4.0,0
1125.0,3,2.0,2,Suburb,3,1.0,no,unfurnished,9384637.0,5.0,1
1081.0,3,3.0,2,Outskirts,27,0.0,yes,unfurnished,5829938.0,6.0,0
1488.0,2,2.0,3,Prime Suburb,17,0.0,yes,unfurnished,14479398.0,4.0,0
817.0,2,2.0,1,Suburb,58,1.0,no,furnished,4223222.0,4.0,0
1150.0,3,3.0,1,Suburb,47,0.0,yes,semi-furnished,7334901.0,6.0,0
1649.0,2,1.0,1,Premium Township,1,0.0,yes,semi-furnished,18669505.0,3.0,1
1143.0,4,4.0,1,Suburb,53,1.0,no,semi-furnished,8077775.0,8.0,0
1519.0,1,1.0,1,Outskirts,28,1.0,yes,semi-furnished,5599363.0,2.0,0
1091.0,3,2.0,2,Outskirts,58,1.0,yes,semi-furnished,4606110.0,5.0,0
1430.0,3,3.0,1,City Centre,52,2.0,yes,semi-furnished,19894907.0,6.0,0
1540.0,3,2.0,2,Outskirts,59,1.0,yes,semi-furnished,6718386.0,5.0,0
412.0,3,3.0,1,Suburb,47,0.0,yes,furnished,4977505.0,6.0,0
350.0,3,2.0,1,Outskirts,16,0.0,no,semi-furnished,3643178.0,5.0,0
1214.0,5,5.0,1,Prime Suburb,44,2.0,yes,unfurnished,13790012.0,10.0,0
740.0,2,1.0,2,Premium Township,19,2.0,no,unfurnished,8891841.0,3.0,0
1337.0,3,3.0,1,Prime Suburb,58,1.0,yes,semi-furnished,13662810.0,6.0,0
1857.0,3,2.0,2,Premium Township,43,1.0,no,semi-furnished,22234572.0,5.0,0
876.0,5,5.0,1,Premium Township,6,0.0,yes,semi-furnished,13672703.0,10.0,0
1472.0,3,3.0,3,Suburb,32,1.0,yes,unfurnished,10455476.0,6.0,0
761.0,4,3.0,1,City Centre,26,1.0,no,unfurnished,12633990.0,7.0,0
1020.0,2,1.0,1,Suburb,25,2.0,yes,furnished,8356884.0,3.0,0
1418.0,2,2.0,1,Suburb,41,0.0,yes,semi-furnished,8965477.0,4.0,0
1465.0,3,2.0,3,City Centre,30,1.0,no,unfurnished,20124715.0,5.0,0
1235.0,3,2.0,1,Prime Suburb,23,1.0,yes,semi-furnished,14814667.0,5.0,0
495.0,2,1.0,2,City Centre,15,2.0,no,unfurnished,8127119.0,3.0,0
1711.0,2,2.0,2,City Centre,15,0.0,no,semi-furnished,23947906.0,4.0,0
723.0,4,4.0,1,Suburb,7,0.0,no,unfurnished,9127227.0,8.0,0
1711.0,3,1.0,1,Suburb,57,1.0,yes,unfurnished,10254799.0,4.0,0
1205.0,5,5.0,2,Outskirts,9,3.0,yes,semi-furnished,11364177.0,10.0,0
1150.0,3,3.0,2,Outskirts,46,0.0,no,furnished,2004692.0,6.0,0
896.0,2,2.0,2,Premium Township,6,0.0,no,furnished,11900485.0,4.0,0
1094.0,4,3.0,2,Suburb,48,1.0,yes,semi-furnished,10541748.0,7.0,0
1286.0,3,2.0,3,Prime Suburb,43,1.0,no,unfurnished,12163449.0,5.0,0
940.0,5,5.0,2,City Centre,28,2.0,yes,unfurnished,17064924.0,10.0,0
637.0,2,2.0,1,Outskirts,52,1.0,yes,semi-furnished,2415043.0,4.0,0
774.0,3,3.0,2,Outskirts,11,1.0,no,semi-furnished,5589744.0,6.0,0
1484.0,1,1.0,3,Suburb,14,2.0,no,semi-furnished,10370623.0,2.0,0
1761.0,3,2.0,2,Outskirts,36,2.0,yes,semi-furnished,7255259.0,5.0,0
527.0,4,3.0,1,Prime Suburb,30,1.0,yes,semi-furnished,8228516.0,7.0,0
594.0,2,1.0,1,Premium Township,51,1.0,no,furnished,8581277.0,3.0,0
405.0,4,3.0,3,City Centre,43,0.0,yes,furnished,8930014.0,7.0,0
1205.0,2,1.0,2,Suburb,32,2.0,no,unfurnished,7787846.0,3.0,0
1719.0,3,2.0,2,Prime Suburb,23,1.0,yes,unfurnished,15060371.0,5.0,0
1408.0,3,2.0,3,Outskirts,15,2.0,yes,semi-furnished,8269974.0,5.0,0
670.0,1,1.0,2,Premium Township,45,1.0,yes,unfurnished,5551248.0,2.0,0
1042.0,3,2.0,2,Premium Township,29,3.0,yes,furnished,15461014.0,5.0,0
1334.0,3,3.0,3,Prime Suburb,37,2.0,yes,unfurnished,13801142.0,6.0,0
1149.0,3,3.0,1,Suburb,20,1.0,yes,semi-furnished,8187123.0,6.0,0
1011.0,3,2.0,1,Prime Suburb,42,1.0,yes,unfurnished,10072897.0,5.0,0
1100.0,3,3.0,2,Suburb,2,1.0,yes,unfurnished,9354309.0,6.0,1
350.0,3,2.0,3,City Centre,5,1.0,no,semi-furnished,7427677.0,5.0,1
866.0,3,2.0,1,Suburb,44,2.0,yes,unfurnished,6422848.0,5.0,0
904.0,4,4.0,2,Outskirts,0,1.0,yes,semi-furnished,7141677.0,8.0,1
962.0,3,3.0,2,City Centre,19,2.0,yes,semi-furnished,16694802.0,6.0,0
965.0,2,2.0,4,Prime Suburb,55,2.0,yes,unfurnished,10569635.0,4.0,0
1827.0,1,1.0,4,Suburb,45,1.0,yes,semi-furnished,9824525.0,2.0,0
1077.0,3,2.0,2,City Centre,21,2.0,yes,semi-furnished,19296228.0,5.0,0
969.0,3,2.0,3,Suburb,44,3.0,no,unfurnished,6721626.0,5.0,0
1016.0,1,1.0,2,Suburb,51,1.0,yes,semi-furnished,5022562.0,2.0,0
350.0,2,1.0,1,Suburb,25,0.0,no,furnished,2837572.0,3.0,0
1150.0,4,2.0,4,Outskirts,22,0.0,yes,unfurnished,5527548.0,6.0,0
1051.0,2,2.0,1,Outskirts,7,1.0,yes,unfurnished,5415568.0,4.0,0
1989.0,2,1.0,1,Prime Suburb,31,0.0,no,semi-furnished,17824274.0,3.0,0
978.0,3,2.0,2,Suburb,55,1.0,no,unfurnished,7174506.0,5.0,0
1352.0,2,1.0,1,Suburb,57,1.0,yes,semi-furnished,8568589.0,3.0,0
1125.0,3,3.0,4,Suburb,16,2.0,no,unfurnished,10021964.0,6.0,0
1351.0,1,1.0,1,City Centre,38,2.0,yes,semi-furnished,19123439.0,2.0,0
1150.0,3,1.0,1,Premium Township,23,1.0,yes,unfurnished,16039535.0,4.0,0
1326.0,4,3.0,1,Prime Suburb,17,0.0,yes,semi-furnished,13999379.0,7.0,0
1766.0,3,3.0,2,Outskirts,21,3.0,no,unfurnished,9472016.0,6.0,0
1062.0,5,5.0,3,City Centre,28,1.0,no,furnished,19114637.0,10.0,0
1043.0,4,4.0,1,Suburb,55,0.0,no,unfurnished,8713950.0,8.0,0
1044.0,2,1.0,2,Suburb,5,2.0,yes,semi-furnished,10268607.0,3.0,1
566.0,1,1.0,3,Premium Township,16,3.0,yes,semi-furnished,10009158.0,2.0,0
716.0,3,3.0,2,Prime Suburb,53,1.0,no,furnished,8383088.0,6.0,0
486.0,4,4.0,2,Suburb,55,2.0,yes,unfurnished,6116625.0,8.0,0
1027.0,2,2.0,2,City Centre,4,1.0,yes,unfurnished,17550996.0,4.0,1
965.0,3,2.0,3,Prime Suburb,17,1.0,yes,unfurnished,12063645.0,5.0,0
1256.0,2,2.0,2,Suburb,15,1.0,no,semi-furnished,10162184.0,4.0,0
1557.0,1,1.0,3,City Centre,33,1.0,yes,unfurnished,21472167.0,2.0,0
811.0,3,3.0,1,Premium Township,25,1.0,yes,semi-furnished,10733321.0,6.0,0
1290.0,4,4.0,2,Outskirts,10,2.0,yes,semi-furnished,7850159.0,8.0,0
2128.0,2,2.0,3,Suburb,19,1.0,no,unfurnished,15546965.0,4.0,0
1150.0,5,5.0,2,Suburb,24,2.0,yes,unfurnished,24252674.625,10.0,0
551.0,1,1.0,3,City Centre,3,2.0,yes,semi-furnished,10574865.0,2.0,1
1287.0,1,1.0,1,Suburb,4,1.0,no,furnished,7739225.0,2.0,1
494.0,1,1.0,2,Prime Suburb,38,2.0,yes,unfurnished,4550536.0,2.0,0
1554.0,4,4.0,2,Premium Township,2,1.0,yes,unfurnished,20520887.0,8.0,1
1163.0,2,1.0,3,Suburb,47,2.0,yes,unfurnished,5829759.0,3.0,0
658.0,3,3.0,2,Prime Suburb,17,0.0,yes,semi-furnished,9058676.0,6.0,0
1566.0,2,1.0,1,Prime Suburb,58,1.0,no,furnished,14452663.0,3.0,0
1101.0,2,2.0,4,Prime Suburb,60,1.0,no,furnished,12272343.0,4.0,0
573.0,4,3.0,1,Suburb,3,2.0,yes,furnished,6855021.0,7.0,1
1178.0,2,1.0,1,Prime Suburb,50,1.0,yes,unfurnished,10422629.0,3.0,0
1337.0,2,1.0,1,Suburb,19,0.0,yes,semi-furnished,8432944.0,3.0,0
1050.0,3,1.0,2,Suburb,40,3.0,yes,furnished,9943053.0,4.0,0
1165.0,2,1.0,2,Outskirts,13,2.0,yes,furnished,5197628.0,3.0,0
683.0,3,3.0,3,City Centre,6,3.0,yes,semi-furnished,12846170.0,6.0,0
1253.0,3,2.0,2,Suburb,41,0.0,no,furnished,9182393.0,5.0,0
1989.0,4,4.0,1,Premium Township,57,1.0,no,furnished,23751632.0,8.0,0
1428.0,2,2.0,1,Suburb,42,2.0,no,furnished,9118916.0,4.0,0
713.0,2,2.0,1,Outskirts,47,1.0,yes,unfurnished,3929648.0,4.0,0
979.0,2,1.0,1,City Centre,34,2.0,no,unfurnished,14073604.0,3.0,0
1581.0,3,2.0,3,Suburb,14,1.0,yes,furnished,14277977.0,5.0,0
627.0,1,1.0,3,Outskirts,39,1.0,yes,furnished,3143221.0,2.0,0
2214.5,3,2.0,3,Suburb,36,3.0,yes,unfurnished,15377095.0,5.0,0
1941.0,3,3.0,3,Outskirts,35,0.0,yes,furnished,7742168.0,6.0,0
1188.0,1,1.0,2,Suburb,12,0.0,no,semi-furnished,6515794.0,2.0,0
1685.0,3,2.0,1,Outskirts,60,0.0,yes,semi-furnished,5592571.0,5.0,0
605.0,4,3.0,2,City Centre,10,1.0,no,unfurnished,11436977.0,7.0,0
1457.0,4,4.0,1,Suburb,34,2.0,yes,furnished,11950226.0,8.0,0
1288.0,3,2.0,1,Suburb,37,1.0,yes,semi-furnished,9609495.0,5.0,0
614.0,2,2.0,2,Prime Suburb,9,2.0,yes,semi-furnished,8358923.0,4.0,0
763.0,3,2.0,4,Prime Suburb,7,1.0,yes,semi-furnished,9742913.0,5.0,0
1347.0,2,1.0,2,Prime Suburb,35,1.0,yes,semi-furnished,14846432.0,3.0,0
1725.0,3,2.0,2,Prime Suburb,5,1.0,yes,semi-furnished,18800671.0,5.0,1
579.0,1,1.0,3,Suburb,59,0.0,yes,semi-furnished,4081404.0,2.0,0
1166.0,2,2.0,2,Premium Township,15,2.0,no,semi-furnished,14247872.0,4.0,0
772.0,3,2.0,3,Suburb,51,2.0,yes,unfurnished,6932937.0,5.0,0
519.0,4,4.0,2,Outskirts,56,0.0,yes,furnished,4858650.0,8.0,0
1117.0,1,1.0,2,Prime Suburb,25,3.0,yes,furnished,9620105.0,2.0,0
1545.0,2,2.0,2,City Centre,0,1.0,yes,semi-furnished,23513007.0,4.0,1
401.0,2,2.0,2,Premium Township,40,2.0,no,semi-furnished,5484331.0,4.0,0
1964.0,1,1.0,2,Prime Suburb,1,2.0,yes,semi-furnished,18266760.0,2.0,1
1070.0,5,5.0,3,Outskirts,30,1.0,yes,semi-furnished,7121673.0,10.0,0
603.0,2,1.0,1,Suburb,47,1.0,yes,unfurnished,4138183.0,3.0,0
816.0,3,2.0,1,Outskirts,49,0.0,no,semi-furnished,4465083.0,5.0,0
726.0,2,2.0,2,Outskirts,9,1.0,no,unfurnished,3958237.0,4.0,0
916.0,2,1.0,1,Premium Township,47,1.0,yes,unfurnished,10531889.0,3.0,0
1423.0,4,4.0,1,Suburb,54,2.0,yes,unfurnished,10652348.0,8.0,0
1254.0,3,3.0,2,City Centre,19,1.0,yes,semi-furnished,19461645.0,6.0,0
412.0,2,2.0,3,Prime Suburb,0,0.0,no,furnished,8515615.0,4.0,1
1282.0,3,2.0,1,Outskirts,2,1.0,yes,unfurnished,6317437.0,5.0,1
851.0,2,1.0,1,City Centre,45,0.0,yes,semi-furnished,13210840.0,3.0,0
892.0,2,1.0,2,Suburb,45,1.0,yes,semi-furnished,6754503.0,3.0,0
1314.0,1,1.0,1,Prime Suburb,30,2.0,yes,unfurnished,13214916.0,2.0,0
350.0,4,3.0,2,Outskirts,16,2.0,yes,furnished,6471783.0,7.0,0
1196.0,3,1.0,1,Suburb,37,1.0,no,furnished,9149379.0,4.0,0
765.0,3,3.0,1,Suburb,5,1.0,yes,semi-furnished,8992626.0,6.0,1
664.0,1,1.0,1,Outskirts,26,2.0,yes,semi-furnished,3538384.0,2.0,0
654.0,3,3.0,2,Premium Township,51,0.0,yes,semi-furnished,9184167.0,6.0,0
1241.0,1,1.0,1,Premium Township,13,1.0,no,semi-furnished,14969429.0,2.0,0
491.0,1,1.0,2,Premium Township,22,1.0,yes,unfurnished,8390291.0,2.0,0
1064.0,3,2.0,2,Suburb,13,2.0,no,unfurnished,10133873.0,5.0,0
1498.0,4,4.0,1,Suburb,36,1.0,yes,furnished,11665666.0,8.0,0
1302.0,4,3.0,1,Suburb,27,0.0,yes,unfurnished,10668714.0,7.0,0
655.0,2,1.0,1,Prime Suburb,60,0.0,yes,furnished,6719337.0,3.0,0
1163.0,2,1.0,2,Prime Suburb,26,1.0,yes,semi-furnished,12193607.0,3.0,0
1111.0,1,2.0,1,Suburb,45,1.0,yes,unfurnished,5936726.0,3.0,0
2214.5,3,3.0,3,Prime Suburb,60,1.0,no,semi-furnished,14290868.0,6.0,0
777.0,3,2.0,1,City Centre,28,2.0,no,unfurnished,11639841.0,5.0,0
2005.0,2,2.0,2,Suburb,32,0.0,no,semi-furnished,13294448.0,4.0,0
612.0,3,2.0,3,Suburb,34,0.0,no,semi-furnished,5880036.0,5.0,0
1753.0,3,1.0,1,Suburb,11,0.0,no,semi-furnished,10334476.0,4.0,0
930.0,2,2.0,1,City Centre,51,0.0,yes,unfurnished,12826095.0,4.0,0
350.0,3,3.0,3,Outskirts,0,2.0,yes,semi-furnished,6648496.0,6.0,1
361.0,3,3.0,2,Prime Suburb,54,1.0,no,unfurnished,3586514.0,6.0,0
1938.0,1,1.0,2,Prime Suburb,17,0.0,no,semi-furnished,18562927.0,2.0,0
1872.0,3,2.0,3,Suburb,30,1.0,yes,semi-furnished,13693940.0,5.0,0
1339.0,2,2.0,4,Suburb,16,1.0,yes,semi-furnished,10728388.0,4.0,0
1554.0,2,1.0,1,Premium Township,7,1.0,no,semi-furnished,19688894.0,3.0,0
768.0,2,2.0,2,Outskirts,12,1.0,yes,furnished,5377650.0,4.0,0
1004.0,5,5.0,3,Suburb,1,0.0,yes,semi-furnished,11913263.0,10.0,1
1343.0,3,3.0,1,Outskirts,25,1.0,yes,unfurnished,8401931.0,6.0,0
1303.0,2,1.0,2,Suburb,15,3.0,no,semi-furnished,11124572.0,3.0,0
867.0,3,3.0,1,Prime Suburb,12,1.0,no,unfurnished,8948762.0,6.0,0
593.0,2,1.0,2,Outskirts,39,2.0,no,semi-furnished,3417341.0,3.0,0
1304.0,1,1.0,1,Suburb,22,0.0,yes,semi-furnished,10561620.0,2.0,0
1295.0,3,2.0,3,City Centre,42,2.0,yes,semi-furnished,20182207.0,5.0,0
924.0,5,4.0,2,Outskirts,4,3.0,yes,semi-furnished,8950078.0,9.0,1
1409.0,3,2.0,1,Suburb,14,1.0,no,semi-furnished,11942175.0,5.0,0
1080.0,2,2.0,1,Suburb,28,1.0,yes,semi-furnished,7211103.0,4.0,0
1355.0,3,3.0,2,Suburb,34,1.0,yes,furnished,11726067.0,6.0,0
476.0,3,3.0,1,Outskirts,2,0.0,no,unfurnished,4052199.0,6.0,1
1109.0,3,2.0,2,Outskirts,32,1.0,no,semi-furnished,5797371.0,5.0,0
1545.0,2,2.0,2,Outskirts,54,1.0,no,unfurnished,5592371.0,4.0,0
1313.0,4,2.0,1,Premium Township,50,2.0,yes,semi-furnished,17912930.0,6.0,0
1140.0,2,2.0,1,City Centre,15,1.0,no,furnished,17216687.0,4.0,0
1827.0,2,2.0,2,Suburb,53,0.0,yes,unfurnished,10910140.0,4.0,0
924.0,2,1.0,2,Suburb,32,1.0,yes,furnished,5929629.0,3.0,0
1738.0,3,1.0,1,Outskirts,16,1.0,yes,semi-furnished,7484263.0,4.0,0
1668.0,1,1.0,1,Prime Suburb,49,1.0,yes,semi-furnished,14749703.0,2.0,0
2029.0,2,1.0,3,Prime Suburb,43,0.0,yes,furnished,17305482.0,3.0,0
1037.0,3,3.0,2,Suburb,16,3.0,no,unfurnished,9420671.0,6.0,0
1570.0,4,3.0,1,Premium Township,55,3.0,yes,semi-furnished,18607860.0,7.0,0
1263.0,2,1.0,1,Suburb,37,0.0,yes,unfurnished,7098213.0,3.0,0
1465.0,2,1.0,4,Suburb,48,2.0,yes,furnished,8792355.0,3.0,0
1204.0,2,2.0,4,Suburb,50,1.0,yes,unfurnished,9253457.0,4.0,0
1334.0,4,4.0,2,City Centre,25,1.0,no,furnished,22485566.0,8.0,0
1493.0,2,1.0,1,Outskirts,31,0.0,yes,unfurnished,5741474.0,3.0,0
434.0,3,3.0,1,Suburb,59,1.0,no,unfurnished,3842287.0,6.0,0
1091.0,4,4.0,1,Outskirts,48,1.0,yes,semi-furnished,6086397.0,8.0,0
1571.0,3,2.0,2,Prime Suburb,19,1.0,yes,semi-furnished,15804839.0,5.0,0
1047.0,1,1.0,1,Prime Suburb,8,3.0,yes,semi-furnished,10993001.0,2.0,0
1303.0,1,1.0,1,Outskirts,13,0.0,yes,furnished,6903359.0,2.0,0
1813.0,2,1.0,1,Outskirts,51,1.0,yes,furnished,6142382.0,3.0,0
803.0,3,3.0,2,Suburb,8,1.0,yes,furnished,7552468.0,6.0,0
1393.0,2,2.0,2,Suburb,50,1.0,yes,unfurnished,9746918.0,4.0,0
1626.0,3,3.0,3,Outskirts,32,1.0,no,semi-furnished,7334677.0,6.0,0
1150.0,4,4.0,2,Suburb,6,1.0,yes,unfurnished,12145125.0,8.0,0
984.0,2,2.0,1,Prime Suburb,1,1.0,yes,semi-furnished,11726102.0,4.0,1
1333.0,3,2.0,1,Outskirts,59,1.0,yes,semi-furnished,5150990.0,5.0,0
1002.0,2,2.0,2,Suburb,51,0.0,yes,semi-furnished,8114764.0,4.0,0
868.0,2,2.0,1,Prime Suburb,56,1.0,yes,semi-furnished,7765037.0,4.0,0
1260.0,2,1.0,3,Outskirts,51,2.0,yes,unfurnished,3910037.0,3.0,0
1244.0,3,3.0,3,City Centre,24,1.0,yes,semi-furnished,16862501.0,6.0,0
751.0,2,1.0,3,Suburb,8,3.0,yes,unfurnished,7760664.0,3.0,0
1770.0,2,2.0,4,City Centre,15,0.0,yes,unfurnished,24252674.625,4.0,0
882.0,3,3.0,4,Suburb,13,0.0,yes,semi-furnished,7917086.0,6.0,0
350.0,3,3.0,1,Outskirts,40,2.0,no,semi-furnished,1663475.0,6.0,0
947.0,3,3.0,2,Suburb,47,1.0,yes,semi-furnished,6866336.0,6.0,0
720.0,2,1.0,2,Suburb,32,2.0,yes,furnished,7990458.0,3.0,0
350.0,1,1.0,1,Premium Township,49,1.0,no,unfurnished,3799304.0,2.0,0
1842.0,3,3.0,1,Suburb,57,1.0,yes,unfurnished,12070455.0,6.0,0
764.0,3,2.0,2,Suburb,43,0.0,yes,unfurnished,5961863.0,5.0,0
834.0,2,1.0,2,Outskirts,6,1.0,yes,unfurnished,5127491.0,3.0,0
1390.0,3,2.0,2,City Centre,48,2.0,no,furnished,21476715.0,5.0,0
1242.0,4,4.0,3,Suburb,9,0.0,yes,furnished,12449827.0,8.0,0
593.0,2,2.0,2,City Centre,2,0.0,yes,semi-furnished,10589155.0,4.0,1
1070.0,1,1.0,1,Premium Township,30,1.0,no,unfurnished,11994901.0,2.0,0
631.0,3,1.0,1,Outskirts,4,0.0,yes,furnished,4691060.0,4.0,1
907.0,4,4.0,3,Suburb,9,3.0,no,semi-furnished,9575773.0,8.0,0
830.0,3,2.0,3,Prime Suburb,22,1.0,yes,semi-furnished,9296588.0,5.0,0
1479.0,2,1.0,3,Outskirts,60,1.0,yes,unfurnished,4225280.0,3.0,0
1340.0,4,4.0,2,Outskirts,42,3.0,yes,unfurnished,6112613.0,8.0,0
1796.0,1,1.0,2,Suburb,2,1.0,yes,semi-furnished,12992335.0,2.0,1
886.0,3,3.0,3,Prime Suburb,55,2.0,yes,unfurnished,9494934.0,6.0,0
957.0,4,3.0,2,Prime Suburb,36,0.0,yes,unfurnished,10223162.0,7.0,0
1013.0,4,4.0,1,Prime Suburb,49,3.0,yes,semi-furnished,12689964.0,8.0,0
1172.0,3,3.0,2,Outskirts,35,1.0,yes,semi-furnished,7163361.0,6.0,0
1009.0,3,3.0,3,Suburb,43,2.0,yes,unfurnished,6188213.0,6.0,0
1031.0,2,2.0,1,Premium Township,8,1.0,yes,semi-furnished,13285772.0,4.0,0
443.0,4,2.0,2,Premium Township,20,3.0,yes,furnished,8711831.0,6.0,0
1179.0,3,2.0,2,Prime Suburb,19,0.0,no,semi-furnished,12278940.0,5.0,0
972.0,3,3.0,1,City Centre,31,1.0,yes,semi-furnished,16087470.0,6.0,0
471.0,3,3.0,1,Suburb,19,2.0,yes,unfurnished,5533256.0,6.0,0
1098.0,4,4.0,1,Suburb,20,1.0,yes,semi-furnished,7795081.0,8.0,0
685.0,4,4.0,3,Outskirts,39,1.0,yes,semi-furnished,5516954.0,8.0,0
1352.0,4,4.0,2,Suburb,1,1.0,yes,unfurnished,11361440.0,8.0,1
821.0,4,2.0,2,Outskirts,7,2.0,yes,semi-furnished,7737173.0,6.0,0
1088.0,1,1.0,3,Suburb,26,1.0,yes,unfurnished,8610657.0,2.0,0
1834.0,1,1.0,1,Outskirts,58,1.0,yes,unfurnished,5046874.0,2.0,0
736.0,3,2.0,2,Suburb,15,2.0,no,semi-furnished,7187497.0,5.0,0
695.0,3,1.0,2,City Centre,31,0.0,yes,furnished,11464593.0,4.0,0
977.0,3,2.0,1,Suburb,20,0.0,no,furnished,7094922.0,5.0,0
1559.0,4,4.0,2,City Centre,27,1.0,yes,semi-furnished,23407155.0,8.0,0
1332.0,2,2.0,3,Suburb,44,1.0,yes,unfurnished,9064384.0,4.0,0
870.0,2,1.0,3,City Centre,53,1.0,no,semi-furnished,12592855.0,3.0,0
1113.0,2,2.0,2,Outskirts,35,1.0,yes,semi-furnished,6197355.0,4.0,0
350.0,3,3.0,1,Suburb,47,2.0,yes,unfurnished,4866228.0,6.0,0
947.0,3,1.0,3,Premium Township,27,2.0,yes,unfurnished,13313471.0,4.0,0
538.0,4,3.0,2,Suburb,18,2.0,yes,semi-furnished,6736199.0,7.0,0
1083.0,2,1.0,2,City Centre,58,2.0,no,unfurnished,15618822.0,3.0,0
979.0,2,2.0,2,Prime Suburb,45,0.0,yes,furnished,11403955.0,4.0,0
1372.0,1,1.0,2,Suburb,22,1.0,yes,semi-furnished,8735020.0,2.0,0
908.0,3,2.0,2,Prime Suburb,32,2.0,yes,semi-furnished,10323364.0,5.0,0
1257.0,2,1.0,1,Suburb,17,0.0,no,unfurnished,8541113.0,3.0,0
1615.0,3,2.0,2,City Centre,39,3.0,yes,furnished,24012422.0,5.0,0
1502.0,2,2.0,1,Prime Suburb,22,2.0,yes,furnished,17793586.0,4.0,0
1104.0,4,4.0,3,Suburb,57,1.0,no,semi-furnished,8764272.0,8.0,0
1342.0,2,2.0,1,Suburb,4,1.0,yes,furnished,12391841.0,4.0,1
1186.0,1,1.0,2,Suburb,36,1.0,no,semi-furnished,7509907.0,2.0,0
1064.0,2,1.0,4,Suburb,37,0.0,no,unfurnished,5576497.0,3.0,0
803.0,2,1.0,2,Suburb,9,2.0,no,semi-furnished,6370345.0,3.0,0
1509.0,1,1.0,1,Suburb,53,0.0,yes,semi-furnished,8956811.0,2.0,0
1244.0,3,2.0,3,City Centre,23,1.0,yes,semi-furnished,19834148.0,5.0,0
771.0,5,5.0,1,City Centre,41,1.0,yes,furnished,14379926.0,10.0,0
2214.5,4,4.0,1,City Centre,17,2.0,yes,unfurnished,24252674.625,8.0,0
1696.0,3,2.0,2,Suburb,29,1.0,no,semi-furnished,24252674.625,5.0,0
1598.0,2,1.0,2,Suburb,27,1.0,no,unfurnished,10080501.0,3.0,0
1293.0,2,2.0,1,Outskirts,42,1.0,no,unfurnished,3780268.0,4.0,0
1164.0,4,3.0,2,Prime Suburb,4,1.0,yes,unfurnished,12250589.0,7.0,1
731.0,4,4.0,2,Suburb,21,1.0,no,unfurnished,6351877.0,8.0,0
906.0,2,2.0,1,Suburb,18,2.0,yes,semi-furnished,8992332.0,4.0,0
1489.0,2,2.0,2,Outskirts,39,2.0,yes,semi-furnished,7129766.0,4.0,0
350.0,1,1.0,2,Prime Suburb,47,1.0,yes,furnished,2999809.0,2.0,0
577.0,1,1.0,2,Prime Suburb,2,2.0,yes,unfurnished,8455621.0,2.0,1
1000.0,2,1.0,2,Suburb,3,0.0,yes,unfurnished,7734009.0,3.0,1
1540.0,2,1.0,2,Suburb,50,1.0,no,semi-furnished,8552305.0,3.0,0
1210.0,4,4.0,1,Suburb,39,1.0,yes,semi-furnished,10012540.0,8.0,0
991.0,2,2.0,2,Outskirts,23,1.0,yes,semi-furnished,5791856.0,4.0,0
1351.0,2,2.0,3,Outskirts,16,1.0,yes,furnished,7496053.0,4.0,0
1081.0,3,3.0,1,Suburb,33,1.0,no,semi-furnished,9550430.0,6.0,0
1513.0,2,2.0,1,Outskirts,13,2.0,yes,unfurnished,5827780.0,4.0,0
1065.0,3,1.0,2,Suburb,30,1.0,no,semi-furnished,8370695.0,4.0,0
1255.0,3,2.0,1,Suburb,36,1.0,yes,semi-furnished,8448084.0,5.0,0
1589.0,2,1.0,1,Premium Township,19,0.0,no,semi-furnished,17765353.0,3.0,0
1461.0,2,2.0,2,Premium Township,37,1.0,no,furnished,18583944.0,4.0,0
1071.0,4,3.0,3,Suburb,58,0.0,yes,furnished,8294302.0,7.0,0
1266.0,1,1.0,2,Outskirts,26,3.0,yes,semi-furnished,6424669.0,2.0,0
875.0,3,2.0,1,Outskirts,2,1.0,yes,unfurnished,4557308.0,5.0,1
1387.0,3,3.0,3,Outskirts,23,0.0,yes,semi-furnished,8440743.0,6.0,0
1298.0,2,2.0,2,Outskirts,26,0.0,yes,unfurnished,5698852.0,4.0,0
708.0,3,2.0,1,Outskirts,11,1.0,yes,semi-furnished,6590164.0,5.0,0
1065.0,1,1.0,3,Prime Suburb,1,3.0,no,furnished,13206742.0,2.0,1
1159.0,4,4.0,1,Outskirts,38,2.0,no,semi-furnished,6476199.0,8.0,0
653.0,4,3.0,1,City Centre,8,3.0,no,unfurnished,13338979.0,7.0,0
597.0,2,1.0,3,Suburb,18,2.0,no,semi-furnished,7178962.0,3.0,0
658.0,1,1.0,2,Prime Suburb,54,3.0,yes,unfurnished,5517784.0,2.0,0
1697.0,3,3.0,2,Outskirts,60,3.0,yes,furnished,7708309.0,6.0,0
1226.0,3,2.0,1,Premium Township,0,2.0,no,semi-furnished,15738510.0,5.0,1
674.0,3,3.0,1,Premium Township,31,2.0,yes,semi-furnished,10154682.0,6.0,0
441.0,5,4.0,2,Prime Suburb,6,3.0,yes,semi-furnished,8970466.0,9.0,0
1130.0,4,3.0,3,Suburb,7,1.0,yes,unfurnished,10370727.0,7.0,0
808.0,4,3.0,2,Premium Township,8,0.0,yes,unfurnished,13066525.0,7.0,0
1626.0,2,1.0,3,Suburb,24,1.0,yes,semi-furnished,9832866.0,3.0,0
1618.0,5,5.0,3,Outskirts,43,1.0,yes,semi-furnished,8239597.0,10.0,0
530.0,4,3.0,1,Prime Suburb,3,2.0,yes,unfurnished,8443394.0,7.0,1
1721.0,1,1.0,1,Premium Township,1,1.0,yes,unfurnished,20774621.0,2.0,1
493.0,4,4.0,2,City Centre,1,3.0,yes,semi-furnished,12493708.0,8.0,1
698.0,3,3.0,2,Suburb,51,1.0,no,unfurnished,4064688.0,6.0,0
997.0,3,2.0,1,Prime Suburb,49,1.0,no,unfurnished,7831409.0,5.0,0
910.0,3,3.0,2,City Centre,19,0.0,yes,unfurnished,14180631.0,6.0,0
749.0,2,2.0,2,Suburb,36,2.0,yes,unfurnished,6288067.0,4.0,0
1217.0,3,2.0,2,Outskirts,4,0.0,no,unfurnished,5309623.0,5.0,1
648.0,2,2.0,1,Suburb,7,0.0,yes,furnished,6607035.0,4.0,0
889.0,2,1.0,1,Suburb,5,1.0,yes,semi-furnished,6757098.0,3.0,1
998.0,3,3.0,2,Prime Suburb,10,1.0,yes,furnished,13178756.0,6.0,0
795.0,2,1.0,2,Outskirts,2,0.0,yes,furnished,6138237.0,3.0,1
1522.0,2,2.0,1,Outskirts,47,1.0,yes,unfurnished,5825565.0,4.0,0
2151.0,1,1.0,2,Suburb,15,0.0,yes,unfurnished,12693668.0,2.0,0
993.0,2,2.0,2,Premium Township,31,2.0,yes,furnished,13483779.0,4.0,0
1154.0,2,1.0,1,Suburb,15,0.0,no,semi-furnished,9168419.0,3.0,0
926.0,2,1.0,2,Premium Township,57,0.0,no,semi-furnished,9966745.0,3.0,0
1876.0,5,4.0,2,Outskirts,55,2.0,yes,furnished,8123167.0,9.0,0
1008.0,3,3.0,1,Outskirts,56,0.0,yes,unfurnished,3045994.0,6.0,0
1205.0,1,1.0,1,City Centre,20,0.0,yes,unfurnished,16424738.0,2.0,0
1505.0,3,3.0,1,Outskirts,54,2.0,no,semi-furnished,6534861.0,6.0,0
850.0,1,1.0,3,Prime Suburb,4,0.0,no,unfurnished,9929148.0,2.0,1
1369.0,4,3.0,2,Outskirts,26,2.0,yes,semi-furnished,7581193.0,7.0,0
1273.0,2,2.0,3,City Centre,3,1.0,yes,semi-furnished,19463931.0,4.0,1
481.0,3,2.0,2,Suburb,27,1.0,yes,semi-furnished,7067800.0,5.0,0
898.0,2,1.0,1,Prime Suburb,39,0.0,no,semi-furnished,10198234.0,3.0,0
758.0,2,1.0,1,City Centre,3,0.0,yes,unfurnished,13680023.0,3.0,1
1376.0,1,1.0,1,Prime Suburb,17,2.0,no,unfurnished,14630121.0,2.0,0
2086.0,2,2.0,2,Outskirts,47,1.0,yes,semi-furnished,7877463.0,4.0,0
957.0,1,1.0,1,Outskirts,37,1.0,yes,semi-furnished,3982787.0,2.0,0
977.0,2,2.0,1,Suburb,37,0.0,yes,unfurnished,7510794.0,4.0,0
1802.0,1,1.0,1,Prime Suburb,25,1.0,no,furnished,17202785.0,2.0,0
1218.0,3,1.0,4,Outskirts,4,2.0,yes,furnished,8427834.0,4.0,1
417.0,2,2.0,1,Premium Township,2,0.0,no,unfurnished,6650922.0,4.0,1
1175.0,2,1.0,2,Suburb,56,2.0,yes,furnished,9129610.0,3.0,0
1649.0,1,1.0,1,Outskirts,8,1.0,no,semi-furnished,6805079.0,2.0,0
704.0,2,2.0,1,Outskirts,18,1.0,no,unfurnished,4967903.0,4.0,0
695.0,1,1.0,2,Premium Township,43,1.0,yes,furnished,8590570.0,2.0,0
976.0,2,2.0,1,Outskirts,15,2.0,yes,semi-furnished,4911028.0,4.0,0
1314.0,1,1.0,2,Outskirts,26,1.0,yes,unfurnished,6023877.0,2.0,0
1504.0,3,3.0,3,Premium Township,29,2.0,yes,semi-furnished,17831455.0,6.0,0
1823.0,2,1.0,2,Outskirts,23,3.0,yes,semi-furnished,8996536.0,3.0,0
1156.0,2,1.0,2,Outskirts,25,1.0,yes,unfurnished,4654720.0,3.0,0
995.0,3,3.0,2,Prime Suburb,51,1.0,yes,unfurnished,10109026.0,6.0,0
408.0,3,3.0,3,Prime Suburb,31,1.0,yes,semi-furnished,6252393.0,6.0,0
1388.0,5,4.0,2,City Centre,31,1.0,yes,semi-furnished,21130664.0,9.0,0
1565.0,3,3.0,3,City Centre,15,1.0,yes,semi-furnished,24252674.625,6.0,0
792.0,2,2.0,1,Prime Suburb,32,0.0,yes,semi-furnished,7936867.0,4.0,0
1311.0,2,2.0,1,Suburb,27,2.0,yes,unfurnished,6614489.0,4.0,0
2015.0,3,2.0,1,City Centre,51,1.0,yes,furnished,24252674.625,5.0,0
1057.0,2,2.0,1,Premium Township,23,1.0,yes,unfurnished,13012496.0,4.0,0
1476.0,2,1.0,1,Suburb,28,3.0,yes,unfurnished,10781167.0,3.0,0
456.0,4,4.0,2,City Centre,26,1.0,no,unfurnished,9325344.0,8.0,0
557.0,2,1.0,1,Suburb,21,1.0,yes,semi-furnished,4446979.0,3.0,0
706.0,3,2.0,2,Premium Township,23,2.0,no,semi-furnished,8702161.0,5.0,0
1692.0,4,3.0,3,Suburb,40,2.0,no,semi-furnished,12863692.0,7.0,0
716.0,2,1.0,2,Suburb,29,1.0,yes,semi-furnished,5663027.0,3.0,0
654.0,2,2.0,4,Suburb,1,0.0,no,unfurnished,5732444.0,4.0,1
1282.0,4,4.0,1,Outskirts,49,1.0,no,unfurnished,6904570.0,8.0,0
521.0,1,1.0,3,Prime Suburb,12,1.0,yes,furnished,7023772.0,2.0,0
1442.0,2,2.0,1,Suburb,3,1.0,yes,unfurnished,11883968.0,4.0,1
809.0,1,1.0,4,Outskirts,29,1.0,no,semi-furnished,3730365.0,2.0,0
1526.0,3,2.0,1,Outskirts,43,1.0,no,semi-furnished,6021765.0,5.0,0
1193.0,2,1.0,1,Outskirts,54,3.0,yes,unfurnished,4472777.0,3.0,0
350.0,3,1.0,2,City Centre,12,0.0,yes,semi-furnished,6658323.0,4.0,0
1146.0,4,3.0,2,Prime Suburb,58,1.0,yes,unfurnished,10418643.0,7.0,0
1174.0,3,1.0,3,Premium Township,44,1.0,no,semi-furnished,14823633.0,4.0,0
820.0,1,1.0,2,Premium Township,43,1.0,no,furnished,11896317.0,2.0,0
1217.0,3,2.0,2,Suburb,32,0.0,yes,semi-furnished,9731325.0,5.0,0
1623.0,4,3.0,2,City Centre,23,0.0,no,semi-furnished,23616096.0,7.0,0
745.0,2,1.0,1,Premium Township,59,0.0,yes,furnished,8619289.0,3.0,0
1104.0,4,4.0,2,Outskirts,27,2.0,yes,furnished,6862176.0,8.0,0
1830.0,3,2.0,1,Outskirts,2,1.0,yes,semi-furnished,10097955.0,5.0,1
1167.0,3,3.0,2,Suburb,28,0.0,yes,unfurnished,9308423.0,6.0,0
786.0,3,3.0,1,Suburb,55,2.0,yes,furnished,6885777.0,6.0,0
1017.0,3,2.0,1,Prime Suburb,60,0.0,yes,unfurnished,9866795.0,5.0,0
1175.0,5,5.0,2,City Centre,30,1.0,no,semi-furnished,20002525.0,10.0,0
1352.0,2,1.0,3,Suburb,42,2.0,yes,furnished,9941287.0,3.0,0
1325.0,3,2.0,1,Prime Suburb,42,0.0,yes,semi-furnished,14414587.0,5.0,0
1264.0,2,2.0,2,Prime Suburb,11,2.0,yes,semi-furnished,14460870.0,4.0,0
1526.0,1,1.0,1,Suburb,26,1.0,yes,furnished,11110945.0,2.0,0
1216.0,1,1.0,3,Suburb,12,0.0,yes,semi-furnished,9204919.0,2.0,0
932.0,4,4.0,2,Outskirts,8,1.0,yes,semi-furnished,8032168.0,8.0,0
1757.0,3,1.0,2,Suburb,21,2.0,yes,unfurnished,12162217.0,4.0,0
1907.0,2,2.0,3,Prime Suburb,26,1.0,yes,semi-furnished,18853676.0,4.0,0
1081.0,3,2.0,2,Suburb,6,2.0,yes,semi-furnished,9141700.0,5.0,0
1094.0,3,3.0,3,Outskirts,0,1.0,no,semi-furnished,6394301.0,6.0,1
1498.0,1,1.0,1,Outskirts,23,1.0,no,semi-furnished,4353268.0,2.0,0
1510.0,4,3.0,2,Premium Township,52,1.0,yes,semi-furnished,18280218.0,7.0,0
735.0,2,2.0,2,Suburb,24,1.0,no,semi-furnished,6915218.0,4.0,0
1311.0,1,1.0,2,Outskirts,12,0.0,no,unfurnished,7271467.0,2.0,0
350.0,3,3.0,3,Outskirts,31,1.0,yes,unfurnished,2000250.0,6.0,0
964.0,4,3.0,2,Prime Suburb,31,0.0,no,unfurnished,11065177.0,7.0,0
1196.0,2,1.0,1,Prime Suburb,51,1.0,no,furnished,11061132.0,3.0,0
1283.0,3,2.0,1,Premium Township,33,1.0,yes,unfurnished,15485685.0,5.0,0
1113.0,3,2.0,3,Suburb,18,0.0,no,unfurnished,8039095.0,5.0,0
1787.0,3,3.0,2,Prime Suburb,41,1.0,no,unfurnished,15985224.0,6.0,0
1071.0,4,4.0,3,Prime Suburb,5,1.0,yes,unfurnished,14068848.0,8.0,1
755.0,2,2.0,1,Suburb,5,0.0,yes,semi-furnished,8035322.0,4.0,1
1323.0,1,1.0,2,Prime Suburb,35,1.0,yes,semi-furnished,13207729.0,2.0,0
2207.0,5,5.0,2,Premium Township,57,1.0,yes,unfurnished,24252674.625,10.0,0
1334.0,2,2.0,2,Prime Suburb,26,1.0,no,semi-furnished,13341481.0,4.0,0
792.0,1,1.0,1,Suburb,51,0.0,yes,semi-furnished,4724915.0,2.0,0
1408.0,2,1.0,1,Premium Township,47,1.0,yes,unfurnished,18344582.0,3.0,0
831.0,2,2.0,2,Premium Township,55,1.0,yes,unfurnished,8602773.0,4.0,0
1163.0,4,4.0,2,Prime Suburb,24,1.0,yes,semi-furnished,16107117.0,8.0,0
1271.0,3,2.0,2,Premium Township,52,1.0,yes,semi-furnished,13142008.0,5.0,0
1020.0,1,1.0,2,City Centre,52,1.0,no,unfurnished,13598859.0,2.0,0
1598.0,3,3.0,3,Premium Township,34,0.0,no,unfurnished,18196785.0,6.0,0
886.0,2,1.0,3,Outskirts,31,2.0,yes,semi-furnished,5504705.0,3.0,0
1079.0,4,4.0,3,Premium Township,32,1.0,yes,semi-furnished,16168561.0,8.0,0
1570.0,5,5.0,2,Premium Township,0,1.0,yes,semi-furnished,22431159.0,10.0,1
1264.0,2,1.0,1,Suburb,12,1.0,yes,furnished,10052439.0,3.0,0
1114.0,4,3.0,1,Premium Township,31,0.0,yes,unfurnished,15501494.0,7.0,0
1021.0,2,1.0,2,Suburb,43,1.0,no,semi-furnished,6742881.0,3.0,0
1153.0,2,1.0,2,Premium Township,12,0.0,yes,unfurnished,13791893.0,3.0,0
1057.0,1,1.0,1,Premium Township,59,1.0,yes,furnished,11131476.0,2.0,0
1073.0,2,2.0,1,Outskirts,60,2.0,no,semi-furnished,3171585.0,4.0,0
350.0,4,4.0,3,Suburb,17,1.0,yes,furnished,6395294.0,8.0,0
1150.0,1,1.0,2,Prime Suburb,8,2.0,yes,unfurnished,6721852.0,2.0,0
1235.0,3,2.0,2,Suburb,34,0.0,yes,furnished,11269366.0,5.0,0
1333.0,3,1.0,3,Suburb,60,0.0,yes,semi-furnished,7874502.0,4.0,0
946.0,4,3.0,2,Premium Township,1,3.0,no,semi-furnished,24252674.625,7.0,1
350.0,5,5.0,1,Suburb,52,1.0,yes,unfurnished,5608172.0,10.0,0
1346.0,1,1.0,3,Suburb,51,1.0,yes,unfurnished,8324902.0,2.0,0
1398.0,2,1.0,2,Suburb,36,0.0,yes,unfurnished,7344121.0,3.0,0
1335.0,2,2.0,1,Outskirts,50,0.0,yes,semi-furnished,4174284.0,4.0,0
1278.0,4,4.0,1,Outskirts,24,1.0,yes,unfurnished,6820949.0,8.0,0
1086.0,3,3.0,2,Prime Suburb,24,1.0,yes,semi-furnished,13070271.0,6.0,0
1019.0,3,2.0,2,Outskirts,0,0.0,yes,semi-furnished,6820159.0,5.0,1
1660.0,2,1.0,3,Suburb,16,2.0,no,furnished,12033966.0,3.0,0
1621.0,4,2.0,2,Premium Township,14,1.0,no,semi-furnished,21757274.0,6.0,0
1008.0,3,2.0,1,Suburb,40,0.0,yes,furnished,6784460.0,5.0,0
1467.0,2,2.0,2,Suburb,3,3.0,yes,semi-furnished,10316208.0,4.0,1
1778.0,2,2.0,1,City Centre,17,1.0,yes,furnished,24252674.625,4.0,0
682.0,4,3.0,1,Premium Township,30,0.0,no,unfurnished,9488275.0,7.0,0
1462.0,1,1.0,1,Outskirts,27,2.0,yes,unfurnished,6774501.0,2.0,0
1014.0,2,2.0,2,Prime Suburb,36,2.0,yes,semi-furnished,10737698.0,4.0,0
1614.0,1,1.0,1,Suburb,0,2.0,yes,semi-furnished,11508703.0,2.0,1
959.0,5,4.0,2,Suburb,31,1.0,yes,unfurnished,8784774.0,9.0,0
1095.0,1,1.0,1,City Centre,22,1.0,yes,semi-furnished,17000646.0,2.0,0
1300.0,4,3.0,2,Outskirts,51,2.0,yes,unfurnished,5606571.0,7.0,0
1440.0,3,2.0,1,Suburb,31,1.0,yes,semi-furnished,10545954.0,5.0,0
998.0,4,3.0,1,Suburb,51,0.0,no,unfurnished,6013092.0,7.0,0
1328.0,2,2.0,1,Suburb,58,1.0,no,unfurnished,6040207.0,4.0,0
1145.0,3,2.0,3,City Centre,48,1.0,yes,unfurnished,15844704.0,5.0,0
1429.0,2,2.0,1,Suburb,41,0.0,yes,semi-furnished,8715745.0,4.0,0
1082.0,3,3.0,1,Suburb,33,3.0,yes,semi-furnished,11022989.0,6.0,0
1242.0,2,1.0,2,Outskirts,17,1.0,yes,semi-furnished,4687742.0,3.0,0
350.0,1,1.0,2,Suburb,25,1.0,yes,furnished,5452550.0,2.0,0
1771.0,2,1.0,1,City Centre,59,2.0,yes,semi-furnished,20812874.0,3.0,0
1169.0,2,2.0,2,Outskirts,36,2.0,no,semi-furnished,4377259.0,4.0,0
1030.0,4,2.0,1,Suburb,38,1.0,no,furnished,7415958.0,6.0,0
1293.0,2,1.0,1,City Centre,39,0.0,yes,furnished,18546046.0,3.0,0
1070.0,2,1.0,4,Prime Suburb,49,0.0,yes,furnished,10518967.0,3.0,0
1309.0,2,1.0,2,Prime Suburb,55,2.0,yes,semi-furnished,11831328.0,3.0,0
572.0,3,2.0,1,Outskirts,58,2.0,yes,furnished,4997072.0,5.0,0
1875.0,1,1.0,3,Suburb,2,1.0,yes,semi-furnished,12749209.0,2.0,1
1017.0,2,1.0,2,Premium Township,33,1.0,no,furnished,13176221.0,3.0,0
490.0,4,3.0,1,Suburb,30,1.0,no,semi-furnished,6279634.0,7.0,0
1225.0,2,1.0,1,Outskirts,39,1.0,yes,unfurnished,3636572.0,3.0,0
522.0,3,3.0,3,Outskirts,54,0.0,yes,furnished,4881918.0,6.0,0
1278.0,3,2.0,2,Suburb,1,1.0,yes,semi-furnished,10841842.0,5.0,1
676.0,2,2.0,1,Outskirts,44,0.0,no,furnished,3115960.0,4.0,0
1097.0,3,2.0,2,Prime Suburb,16,2.0,yes,semi-furnished,12100409.0,5.0,0
1543.0,3,2.0,1,Prime Suburb,59,2.0,yes,furnished,16518841.0,5.0,0
1558.0,2,2.0,2,Outskirts,6,1.0,no,semi-furnished,6687665.0,4.0,0
1635.0,3,3.0,2,Suburb,8,2.0,yes,semi-furnished,12451426.0,6.0,0
798.0,2,1.0,1,City Centre,50,2.0,yes,furnished,13124424.0,3.0,0
1502.0,2,1.0,1,Prime Suburb,8,2.0,yes,unfurnished,16694810.0,3.0,0
1323.0,2,1.0,2,Prime Suburb,16,0.0,yes,unfurnished,12910534.0,3.0,0
1431.0,5,5.0,2,City Centre,46,0.0,yes,semi-furnished,20866436.0,10.0,0
1764.0,2,2.0,1,Suburb,58,2.0,yes,unfurnished,9844646.0,4.0,0
1754.0,3,3.0,1,Prime Suburb,36,1.0,no,unfurnished,16655960.0,6.0,0
1190.0,3,3.0,1,City Centre,52,2.0,yes,furnished,18611807.0,6.0,0
1001.0,2,2.0,3,Prime Suburb,10,1.0,yes,unfurnished,11731000.0,4.0,0
414.0,1,1.0,2,Suburb,46,0.0,yes,semi-furnished,4197161.0,2.0,0
1133.0,2,2.0,1,Suburb,4,2.0,yes,furnished,12082760.0,4.0,1
1312.0,2,2.0,2,Outskirts,20,1.0,yes,furnished,8425724.0,4.0,0
1851.0,3,3.0,1,City Centre,38,2.0,no,semi-furnished,24252674.625,6.0,0
635.0,4,3.0,3,Outskirts,14,1.0,no,semi-furnished,5470824.0,7.0,0
1527.0,1,1.0,2,Premium Township,26,0.0,no,furnished,16469563.0,2.0,0
1287.0,3,3.0,1,City Centre,47,0.0,yes,unfurnished,18327740.0,6.0,0
595.0,1,1.0,2,Suburb,39,1.0,yes,furnished,4890844.0,2.0,0
1383.0,3,1.0,2,Suburb,40,1.0,yes,semi-furnished,9509621.0,4.0,0
1304.0,3,3.0,3,Prime Suburb,34,0.0,no,semi-furnished,13583292.0,6.0,0
662.0,4,4.0,1,Prime Suburb,44,2.0,no,unfurnished,8133667.0,8.0,0
1359.0,2,1.0,2,Suburb,38,1.0,no,semi-furnished,8510861.0,3.0,0
626.0,3,2.0,1,Suburb,54,3.0,yes,semi-furnished,5367611.0,5.0,0
798.0,2,1.0,1,Suburb,28,3.0,yes,furnished,8933634.0,3.0,0
1155.0,5,5.0,1,City Centre,56,3.0,no,furnished,18979211.0,10.0,0
1225.0,3,3.0,1,Outskirts,33,1.0,yes,semi-furnished,6371953.0,6.0,0
1887.0,2,1.0,3,Suburb,9,2.0,no,semi-furnished,13787237.0,3.0,0
844.0,3,2.0,1,City Centre,31,0.0,yes,unfurnished,12575857.0,5.0,0
1380.0,3,2.0,3,Premium Township,38,1.0,yes,semi-furnished,15819296.0,5.0,0
1012.0,2,2.0,3,Suburb,44,2.0,yes,unfurnished,6180029.0,4.0,0
2044.0,2,1.0,1,Prime Suburb,30,0.0,no,semi-furnished,17719911.0,3.0,0
1417.0,3,2.0,1,Suburb,14,1.0,yes,unfurnished,11355395.0,5.0,0
1339.0,4,3.0,2,Prime Suburb,33,3.0,no,unfurnished,13232481.0,7.0,0
1224.0,2,2.0,3,Suburb,17,0.0,yes,semi-furnished,10299572.0,4.0,0
483.0,3,2.0,2,City Centre,7,1.0,yes,semi-furnished,11187571.0,5.0,0
1280.0,2,2.0,2,City Centre,15,2.0,no,furnished,17842700.0,4.0,0
1795.0,1,1.0,1,Prime Suburb,44,0.0,yes,furnished,15960435.0,2.0,0
1378.0,2,2.0,3,Suburb,38,1.0,yes,unfurnished,9472111.0,4.0,0
1550.0,1,1.0,2,Suburb,31,1.0,no,semi-furnished,9374842.0,2.0,0
1503.0,4,3.0,1,Premium Township,10,1.0,yes,furnished,19927393.0,7.0,0
804.0,5,4.0,2,Outskirts,6,1.0,yes,unfurnished,8041696.0,9.0,0
1380.0,2,2.0,2,Prime Suburb,37,1.0,yes,semi-furnished,12984717.0,4.0,0
1366.0,4,4.0,2,Prime Suburb,5,0.0,yes,semi-furnished,16160552.0,8.0,1
1496.0,3,1.0,3,City Centre,13,3.0,no,semi-furnished,22482217.0,4.0,0
610.0,3,3.0,2,Outskirts,55,2.0,yes,semi-furnished,5673019.0,6.0,0
1394.0,2,2.0,2,Outskirts,16,0.0,yes,semi-furnished,5766171.0,4.0,0
1615.0,2,1.0,2,Suburb,4,2.0,yes,semi-furnished,12321489.0,3.0,1
800.0,4,3.0,2,Suburb,44,3.0,yes,semi-furnished,7151870.0,7.0,0
350.0,3,3.0,1,Suburb,45,1.0,yes,semi-furnished,5158171.0,6.0,0
970.0,3,3.0,1,Prime Suburb,3,1.0,no,furnished,10787468.0,6.0,1
1589.0,5,5.0,3,City Centre,9,1.0,yes,unfurnished,23518606.0,10.0,0
1072.0,4,4.0,3,Suburb,0,1.0,no,semi-furnished,11503431.0,8.0,1
1510.0,2,2.0,1,Outskirts,6,0.0,yes,semi-furnished,6264359.0,4.0,0
691.0,4,4.0,3,Premium Township,60,1.0,no,unfurnished,9332214.0,8.0,0
1140.0,2,1.0,1,Suburb,50,0.0,yes,unfurnished,6027462.0,3.0,0
838.0,2,1.0,3,Prime Suburb,2,2.0,yes,semi-furnished,8677753.0,3.0,1
922.0,1,2.0,4,Suburb,55,3.0,yes,unfurnished,6183551.0,3.0,0
998.0,3,3.0,2,Suburb,24,0.0,yes,semi-furnished,9507871.0,6.0,0
2214.5,3,2.0,2,Premium Township,26,1.0,yes,semi-furnished,24252674.625,5.0,0
624.0,2,2.0,3,Prime Suburb,29,1.0,yes,unfurnished,7570304.0,4.0,0
1267.0,4,3.0,2,Outskirts,6,0.0,no,unfurnished,7346511.0,7.0,0
1438.0,3,3.0,2,Suburb,33,2.0,yes,unfurnished,10825402.0,6.0,0
1179.0,2,2.0,2,Suburb,9,1.0,yes,semi-furnished,9171926.0,4.0,0
1348.0,3,2.0,3,Outskirts,34,0.0,no,unfurnished,5954330.0,5.0,0
1440.0,2,2.0,1,Premium Township,21,1.0,yes,unfurnished,17305211.0,4.0,0
1006.0,3,2.0,1,Outskirts,40,1.0,no,unfurnished,4470112.0,5.0,0
1208.0,1,1.0,1,City Centre,40,1.0,yes,unfurnished,16112603.0,2.0,0
1813.0,2,2.0,1,Suburb,57,1.0,yes,semi-furnished,11278264.0,4.0,0
1263.0,2,2.0,1,Outskirts,10,0.0,yes,semi-furnished,6377361.0,4.0,0
350.0,4,3.0,1,Suburb,18,2.0,no,semi-furnished,4306581.0,7.0,0
1196.0,3,2.0,2,Outskirts,43,0.0,yes,furnished,5385288.0,5.0,0
972.0,3,3.0,2,Prime Suburb,20,2.0,yes,semi-furnished,13674951.0,6.0,0
1009.0,1,1.0,3,Outskirts,56,1.0,yes,semi-furnished,3781199.0,2.0,0
1454.0,2,1.0,1,Suburb,55,1.0,no,furnished,10143017.0,3.0,0
1166.0,3,1.0,2,Suburb,6,1.0,no,unfurnished,8194552.0,4.0,0
1036.0,2,1.0,2,Outskirts,51,1.0,yes,semi-furnished,4488205.0,3.0,0
1650.0,2,2.0,2,Suburb,60,1.0,yes,semi-furnished,9670259.0,4.0,0
1102.0,3,3.0,3,Suburb,14,0.0,no,unfurnished,10393307.0,6.0,0
771.0,4,3.0,1,Prime Suburb,17,1.0,no,furnished,10449828.0,7.0,0
1303.0,2,1.0,2,Outskirts,16,1.0,yes,semi-furnished,6573790.0,3.0,0
1368.0,4,4.0,2,Prime Suburb,42,0.0,yes,furnished,16495297.0,8.0,0
977.0,2,2.0,1,Outskirts,31,1.0,yes,furnished,5768406.0,4.0,0
470.0,4,3.0,1,City Centre,7,1.0,yes,semi-furnished,10724903.0,7.0,0
1075.0,1,1.0,3,Prime Suburb,15,3.0,yes,semi-furnished,11758491.0,2.0,0
360.0,3,3.0,1,Outskirts,35,1.0,yes,furnished,3431162.0,6.0,0
1602.0,2,1.0,1,Suburb,28,2.0,yes,semi-furnished,10249427.0,3.0,0
1297.0,1,1.0,2,Prime Suburb,53,0.0,no,furnished,11765482.0,2.0,0
1675.0,4,4.0,2,City Centre,7,2.0,no,semi-furnished,24252674.625,8.0,0
1384.0,2,1.0,3,Premium Township,8,1.0,yes,furnished,17323641.0,3.0,0
671.0,3,2.0,3,Outskirts,9,1.0,yes,semi-furnished,6827133.0,5.0,0
865.0,3,3.0,1,Prime Suburb,15,0.0,yes,semi-furnished,9865247.0,6.0,0
1162.0,3,3.0,4,Outskirts,29,2.0,yes,semi-furnished,8763085.0,6.0,0
1450.0,1,1.0,1,Suburb,30,3.0,no,semi-furnished,10782678.0,2.0,0
1180.0,4,4.0,2,Premium Township,3,1.0,yes,semi-furnished,17209462.0,8.0,1
1150.0,1,1.0,1,City Centre,37,0.0,yes,furnished,22998614.0,2.0,0
1106.0,2,1.0,4,Suburb,1,3.0,yes,semi-furnished,10127422.0,3.0,1
1165.0,3,2.0,2,Suburb,20,1.0,no,unfurnished,9390704.0,5.0,0
883.0,2,2.0,1,Suburb,5,2.0,yes,furnished,8814017.0,4.0,1
1900.0,5,4.0,3,Outskirts,16,1.0,yes,semi-furnished,11042052.0,9.0,0
1338.0,2,1.0,1,Suburb,5,0.0,yes,semi-furnished,12033124.0,3.0,1
853.0,3,1.0,2,Prime Suburb,2,1.0,yes,unfurnished,9237523.0,4.0,1
517.0,3,2.0,3,Suburb,16,0.0,no,unfurnished,4116444.0,5.0,0
1188.0,2,2.0,3,Outskirts,50,0.0,yes,semi-furnished,4287033.0,4.0,0
2010.0,2,2.0,2,Suburb,27,3.0,no,semi-furnished,15122730.0,4.0,0
350.0,3,3.0,3,Prime Suburb,22,1.0,yes,unfurnished,6604442.0,6.0,0
1477.0,2,2.0,2,Suburb,23,1.0,yes,unfurnished,8980041.0,4.0,0
1469.0,2,2.0,2,Outskirts,5,1.0,yes,furnished,7567143.0,4.0,1
684.0,3,2.0,2,Premium Township,23,2.0,yes,unfurnished,10817685.0,5.0,0
700.0,3,2.0,1,Premium Township,16,0.0,yes,unfurnished,10143045.0,5.0,0
1282.0,2,1.0,3,Suburb,11,1.0,no,semi-furnished,9657262.0,3.0,0
1787.0,1,1.0,2,Premium Township,43,1.0,yes,semi-furnished,20136781.0,2.0,0
1537.0,2,1.0,1,City Centre,55,1.0,yes,unfurnished,21700376.0,3.0,0
972.0,3,2.0,1,Suburb,10,2.0,no,unfurnished,7724579.0,5.0,0
1150.0,3,2.0,2,Premium Township,52,1.0,no,semi-furnished,11559142.0,5.0,0
652.0,3,1.0,3,Outskirts,0,2.0,yes,semi-furnished,5699032.0,4.0,1
1591.0,4,4.0,1,Premium Township,40,2.0,yes,semi-furnished,20520725.0,8.0,0
1275.0,1,1.0,4,Prime Suburb,38,3.0,no,semi-furnished,14411669.0,2.0,0
992.0,2,2.0,2,Suburb,21,1.0,yes,semi-furnished,7771303.0,4.0,0
639.0,3,3.0,2,City Centre,17,3.0,yes,semi-furnished,12869506.0,6.0,0
760.0,3,3.0,1,Premium Township,4,2.0,yes,furnished,11958300.0,6.0,1
1435.0,4,4.0,3,Suburb,14,0.0,yes,semi-furnished,12984760.0,8.0,0
1295.0,2,1.0,1,Suburb,39,1.0,yes,unfurnished,8482959.0,3.0,0
721.0,3,2.0,3,Suburb,34,1.0,yes,semi-furnished,6182468.0,5.0,0
612.0,3,1.0,1,City Centre,15,2.0,no,semi-furnished,10472421.0,4.0,0
1060.0,1,1.0,1,Suburb,9,1.0,no,unfurnished,7022769.0,2.0,0
1417.0,3,3.0,2,Suburb,20,1.0,yes,furnished,10791713.0,6.0,0
1298.0,1,1.0,1,Outskirts,4,1.0,no,semi-furnished,4993047.0,2.0,1
777.0,2,1.0,1,Premium Township,12,1.0,yes,semi-furnished,10020837.0,3.0,0
1663.0,4,4.0,1,City Centre,9,1.0,yes,semi-furnished,24252674.625,8.0,0
1248.0,3,3.0,1,Suburb,22,1.0,yes,semi-furnished,10094632.0,6.0,0
871.0,3,3.0,2,Prime Suburb,59,0.0,yes,unfurnished,9396578.0,6.0,0
350.0,3,3.0,1,Suburb,31,1.0,no,unfurnished,3501212.0,6.0,0
1349.0,5,5.0,1,Suburb,56,0.0,no,semi-furnished,8511746.0,10.0,0
1228.0,2,1.0,2,Suburb,12,0.0,yes,furnished,8177737.0,3.0,0
1712.0,5,5.0,4,Prime Suburb,56,0.0,no,furnished,20092860.0,10.0,0
1317.0,3,1.0,2,Premium Township,0,1.0,yes,unfurnished,17367310.0,4.0,1
1370.0,4,3.0,2,Premium Township,40,0.0,yes,unfurnished,16928951.0,7.0,0
1756.0,2,1.0,1,Prime Suburb,51,2.0,yes,semi-furnished,15845593.0,3.0,0
1289.0,3,2.0,3,Suburb,23,2.0,yes,furnished,9274709.0,5.0,0
1117.0,3,3.0,1,Prime Suburb,29,2.0,yes,semi-furnished,13790849.0,6.0,0
1468.0,2,2.0,2,Suburb,40,1.0,no,semi-furnished,9449700.0,4.0,0
1067.0,4,4.0,1,Prime Suburb,13,1.0,yes,furnished,13970837.0,8.0,0
1484.0,4,4.0,2,Suburb,34,1.0,no,unfurnished,10251165.0,8.0,0
350.0,1,1.0,1,Prime Suburb,56,1.0,yes,furnished,3776943.0,2.0,0
1472.0,3,3.0,1,Outskirts,2,1.0,no,semi-furnished,8476571.0,6.0,1
946.0,3,2.0,3,Suburb,23,1.0,yes,furnished,8846088.0,5.0,0
1672.0,2,1.0,2,City Centre,31,1.0,yes,unfurnished,23398226.0,3.0,0
1141.0,2,1.0,2,Suburb,18,3.0,yes,furnished,10019360.0,3.0,0
1793.0,1,1.0,1,Premium Township,27,1.0,yes,unfurnished,20220549.0,2.0,0
1087.0,2,1.0,1,Prime Suburb,36,1.0,yes,semi-furnished,11421933.0,3.0,0
1150.0,2,1.0,2,Suburb,27,1.0,yes,furnished,3500665.0,3.0,0
1126.0,2,1.0,1,Prime Suburb,38,0.0,yes,semi-furnished,9935849.0,3.0,0
350.0,3,2.0,3,Suburb,40,1.0,yes,unfurnished,4548619.0,5.0,0
1331.0,2,2.0,1,Outskirts,5,1.0,yes,semi-furnished,6926713.0,4.0,1
777.0,2,2.0,3,Premium Township,36,0.0,no,furnished,24252674.625,4.0,0
695.0,1,1.0,1,Suburb,30,2.0,no,semi-furnished,3363028.0,2.0,0
1192.0,2,2.0,2,City Centre,19,2.0,yes,unfurnished,18727991.0,4.0,0
350.0,2,2.0,1,Prime Suburb,20,1.0,yes,unfurnished,5109650.0,4.0,0
677.0,5,3.0,2,Suburb,4,2.0,no,furnished,8764573.0,8.0,1
1535.0,4,3.0,1,Outskirts,24,1.0,yes,unfurnished,6494308.0,7.0,0
837.0,3,3.0,3,Suburb,39,1.0,no,unfurnished,6721299.0,6.0,0
1248.0,2,2.0,3,Prime Suburb,1,2.0,yes,unfurnished,13353061.0,4.0,1
1571.0,2,2.0,4,Prime Suburb,25,0.0,yes,furnished,16568319.0,4.0,0
1086.0,4,3.0,1,City Centre,50,0.0,yes,furnished,17034030.0,7.0,0
1316.0,2,2.0,1,Suburb,60,1.0,yes,semi-furnished,8743108.0,4.0,0
1049.0,1,1.0,1,Suburb,8,1.0,no,furnished,8080663.0,2.0,0
785.0,1,1.0,2,City Centre,23,1.0,no,furnished,11473618.0,2.0,0
901.0,3,2.0,2,Suburb,19,1.0,yes,unfurnished,7598210.0,5.0,0
1030.0,3,2.0,1,Suburb,57,0.0,yes,semi-furnished,7388729.0,5.0,0
1505.0,4,4.0,1,Suburb,31,0.0,no,unfurnished,10196650.0,8.0,0
1172.0,2,1.0,2,Prime Suburb,47,1.0,no,unfurnished,10063400.0,3.0,0
1284.0,3,3.0,4,Suburb,12,1.0,yes,semi-furnished,12454672.0,6.0,0
1398.0,1,1.0,1,Outskirts,2,1.0,no,semi-furnished,6773339.0,2.0,1
662.0,2,1.0,1,Suburb,3,1.0,no,unfurnished,4654037.0,3.0,1
586.0,3,2.0,2,Suburb,41,2.0,yes,unfurnished,5478331.0,5.0,0
1516.0,2,2.0,2,Outskirts,56,0.0,yes,semi-furnished,5486964.0,4.0,0
1320.0,2,2.0,1,Suburb,20,2.0,yes,furnished,11219161.0,4.0,0
1771.0,3,3.0,3,Premium Township,10,1.0,yes,unfurnished,23247200.0,6.0,0
1145.0,2,1.0,1,Suburb,29,2.0,yes,semi-furnished,9208324.0,3.0,0
1717.0,2,2.0,2,Outskirts,6,1.0,yes,unfurnished,8105984.0,4.0,0
350.0,2,1.0,2,Suburb,45,1.0,yes,semi-furnished,4084184.0,3.0,0
1416.0,2,1.0,2,City Centre,15,1.0,no,semi-furnished,21041508.0,3.0,0
1246.0,2,1.0,2,City Centre,29,0.0,yes,furnished,19597236.0,3.0,0
2214.5,3,1.0,2,Outskirts,25,1.0,yes,furnished,5793350.0,4.0,0
1107.0,3,2.0,3,Suburb,49,2.0,yes,unfurnished,7162048.0,5.0,0
1344.0,4,4.0,1,Prime Suburb,0,0.0,no,furnished,16812349.0,8.0,1
1705.0,2,1.0,1,Suburb,8,1.0,yes,furnished,11109298.0,3.0,0
976.0,2,2.0,2,Outskirts,11,0.0,yes,semi-furnished,6388152.0,4.0,0
2214.5,4,3.0,3,Outskirts,59,0.0,yes,semi-furnished,7789456.0,7.0,0
1750.0,3,1.0,2,Suburb,31,2.0,yes,unfurnished,13262571.0,4.0,0
1565.0,1,1.0,1,Suburb,54,1.0,yes,unfurnished,9421187.0,2.0,0
1124.0,2,1.0,2,City Centre,53,1.0,no,semi-furnished,16622356.0,3.0,0
1465.0,2,1.0,3,Suburb,7,3.0,yes,unfurnished,10552732.0,3.0,0
1334.0,3,3.0,1,Premium Township,48,0.0,no,unfurnished,14263957.0,6.0,0
1216.0,2,2.0,2,Prime Suburb,25,1.0,no,unfurnished,11793199.0,4.0,0
1578.0,2,2.0,3,Suburb,11,0.0,yes,semi-furnished,11261337.0,4.0,0
1230.0,1,1.0,1,City Centre,45,0.0,yes,semi-furnished,16115264.0,2.0,0
1271.0,2,2.0,1,Prime Suburb,58,2.0,yes,semi-furnished,10992548.0,4.0,0
1269.0,3,2.0,1,Suburb,5,2.0,yes,unfurnished,11050349.0,5.0,1
990.0,2,2.0,2,Prime Suburb,28,0.0,yes,unfurnished,9197326.0,4.0,0
1150.0,4,4.0,1,Suburb,16,0.0,yes,unfurnished,7752632.0,8.0,0
2182.0,4,4.0,3,Prime Suburb,0,1.0,no,semi-furnished,24252674.625,8.0,1
1296.0,1,1.0,1,Suburb,24,2.0,no,semi-furnished,9437925.0,2.0,0
1105.0,2,2.0,2,City Centre,60,3.0,yes,semi-furnished,16032054.0,4.0,0
686.0,1,1.0,2,Outskirts,26,0.0,yes,semi-furnished,5066455.0,2.0,0
854.0,1,1.0,1,Outskirts,34,1.0,yes,unfurnished,3364673.0,2.0,0
1025.0,1,1.0,2,Prime Suburb,48,1.0,yes,semi-furnished,9663253.0,2.0,0
1479.0,3,3.0,2,Prime Suburb,3,3.0,yes,furnished,17780231.0,6.0,1
1129.0,4,4.0,2,Premium Township,30,1.0,no,semi-furnished,16135088.0,8.0,0
967.0,4,3.0,2,Prime Suburb,22,1.0,yes,furnished,11633093.0,7.0,0
1624.0,2,1.0,1,Prime Suburb,34,1.0,yes,semi-furnished,15742639.0,3.0,0
1088.0,2,2.0,3,Suburb,39,1.0,yes,furnished,6683990.0,4.0,0
1101.0,2,2.0,3,Suburb,16,1.0,yes,unfurnished,9597941.0,4.0,0
1673.0,4,3.0,1,Premium Township,19,0.0,yes,unfurnished,20665222.0,7.0,0
1150.0,4,3.0,3,Prime Suburb,48,2.0,yes,semi-furnished,14169338.0,7.0,0
1016.0,4,4.0,2,Premium Township,41,1.0,no,unfurnished,12228838.0,8.0,0
1632.0,2,2.0,1,Premium Township,21,1.0,yes,furnished,20888009.0,4.0,0
1419.0,1,1.0,1,Premium Township,37,0.0,yes,semi-furnished,16087530.0,2.0,0
958.0,2,1.0,3,Prime Suburb,1,1.0,yes,semi-furnished,9630010.0,3.0,1
609.0,4,3.0,3,Prime Suburb,20,1.0,no,semi-furnished,9881901.0,7.0,0
1109.0,1,1.0,3,Outskirts,9,0.0,yes,furnished,6879960.0,2.0,0
1155.0,2,1.0,1,Outskirts,19,0.0,no,semi-furnished,4615555.0,3.0,0
1430.0,3,3.0,1,Prime Suburb,51,2.0,no,unfurnished,12415347.0,6.0,0
1127.0,3,2.0,2,Outskirts,40,1.0,yes,semi-furnished,5585392.0,5.0,0
1205.0,3,3.0,2,Prime Suburb,59,1.0,yes,furnished,13002320.0,6.0,0
1163.0,1,1.0,2,Suburb,15,2.0,no,furnished,6963112.0,2.0,0
926.0,2,2.0,2,Prime Suburb,46,2.0,no,unfurnished,9402994.0,4.0,0
949.0,2,1.0,2,City Centre,40,1.0,yes,semi-furnished,13395145.0,3.0,0
1229.0,2,2.0,3,Prime Suburb,36,1.0,no,semi-furnished,12039242.0,4.0,0
1013.0,3,2.0,1,Suburb,49,0.0,no,unfurnished,6061515.0,5.0,0
747.0,2,2.0,2,Suburb,16,3.0,yes,unfurnished,5773069.0,4.0,0
651.0,2,2.0,1,Outskirts,50,1.0,yes,semi-furnished,1731449.0,4.0,0
1449.0,2,2.0,1,Prime Suburb,14,1.0,yes,unfurnished,15137275.0,4.0,0
1324.0,3,3.0,1,Premium Township,53,2.0,no,semi-furnished,16469269.0,6.0,0
1345.0,2,2.0,2,City Centre,17,0.0,yes,unfurnished,19352098.0,4.0,0
1001.0,5,4.0,4,Suburb,39,0.0,no,semi-furnished,9468035.0,9.0,0
1874.0,4,4.0,1,City Centre,51,3.0,yes,semi-furnished,24252674.625,8.0,0
1152.0,2,1.0,2,Outskirts,0,1.0,yes,semi-furnished,8341688.0,3.0,1
1904.0,3,2.0,2,Suburb,28,1.0,yes,unfurnished,13146245.0,5.0,0
1288.0,3,3.0,3,Suburb,35,3.0,yes,semi-furnished,12614866.0,6.0,0
1307.0,1,1.0,2,Suburb,26,2.0,yes,unfurnished,8697005.0,2.0,0
1470.0,1,1.0,3,Prime Suburb,20,1.0,yes,semi-furnished,14397396.0,2.0,0
1699.0,1,1.0,2,Suburb,6,2.0,no,semi-furnished,12677503.0,2.0,0
506.0,3,2.0,2,City Centre,51,1.0,yes,semi-furnished,7075142.0,5.0,0
381.0,4,4.0,3,Suburb,16,2.0,no,semi-furnished,6485972.0,8.0,0
1387.0,3,2.0,1,Prime Suburb,29,1.0,no,semi-furnished,13541433.0,5.0,0
1303.0,2,1.0,2,City Centre,6,0.0,yes,unfurnished,18685952.0,3.0,0
1881.0,3,2.0,2,Suburb,54,1.0,yes,semi-furnished,13567267.0,5.0,0
861.0,2,1.0,2,Outskirts,17,2.0,yes,semi-furnished,5730126.0,3.0,0
1118.0,2,1.0,2,City Centre,26,2.0,yes,unfurnished,17502618.0,3.0,0
1597.0,2,1.0,2,Outskirts,11,1.0,yes,semi-furnished,7467822.0,3.0,0
1563.0,3,3.0,2,Suburb,52,2.0,yes,semi-furnished,11437904.0,6.0,0
1973.0,2,2.0,4,Prime Suburb,42,0.0,yes,unfurnished,17836831.0,4.0,0
1305.0,4,3.0,3,Suburb,19,1.0,yes,semi-furnished,10339131.0,7.0,0
1054.0,2,1.0,1,Suburb,12,0.0,yes,furnished,8650084.0,3.0,0
1235.0,2,2.0,3,Suburb,54,1.0,yes,semi-furnished,7517788.0,4.0,0
1659.0,2,2.0,3,Suburb,7,1.0,yes,semi-furnished,13168774.0,4.0,0
391.0,3,3.0,3,Prime Suburb,51,1.0,yes,semi-furnished,5475024.0,6.0,0
1410.0,1,1.0,1,Suburb,17,0.0,no,semi-furnished,7056079.0,2.0,0
1058.0,4,4.0,2,Suburb,27,3.0,yes,semi-furnished,12186640.0,8.0,0
1321.0,2,2.0,1,Outskirts,18,2.0,yes,semi-furnished,6623514.0,4.0,0
463.0,4,4.0,4,Suburb,48,3.0,yes,unfurnished,4860627.0,8.0,0
1150.0,3,2.0,2,Suburb,32,1.0,no,unfurnished,10247200.0,5.0,0
1595.0,2,2.0,2,Outskirts,52,3.0,no,furnished,7726612.0,4.0,0
1246.0,1,1.0,1,Suburb,21,3.0,yes,semi-furnished,8097266.0,2.0,0
1374.0,1,1.0,3,Premium Township,47,1.0,yes,semi-furnished,14445765.0,2.0,0
701.0,4,2.0,1,Prime Suburb,29,1.0,yes,unfurnished,7471985.0,6.0,0
1029.0,4,4.0,2,City Centre,25,1.0,no,semi-furnished,18558950.0,8.0,0
797.0,4,3.0,1,Suburb,49,2.0,yes,furnished,7607175.0,7.0,0
775.0,2,1.0,2,City Centre,32,1.0,no,semi-furnished,12624822.0,3.0,0
789.0,2,1.0,4,Outskirts,7,1.0,yes,semi-furnished,5841265.0,3.0,0
746.0,3,3.0,2,Prime Suburb,2,0.0,no,semi-furnished,9130860.0,6.0,1
350.0,2,2.0,1,City Centre,27,0.0,yes,unfurnished,8581845.0,4.0,0
667.0,1,1.0,1,Suburb,46,2.0,no,unfurnished,3069371.0,2.0,0
1779.0,1,1.0,1,Premium Township,45,1.0,yes,semi-furnished,20674448.0,2.0,0
1064.0,3,2.0,1,Outskirts,8,0.0,yes,unfurnished,5229106.0,5.0,0
1370.0,5,5.0,2,Prime Suburb,28,3.0,yes,unfurnished,15887568.0,10.0,0
1308.0,2,2.0,2,Suburb,44,2.0,yes,unfurnished,8605083.0,4.0,0
648.0,3,1.0,1,Outskirts,10,2.0,yes,unfurnished,4158640.0,4.0,0
350.0,2,2.0,3,Prime Suburb,1,1.0,yes,unfurnished,5299200.0,4.0,1
694.0,3,3.0,3,Outskirts,48,1.0,no,unfurnished,2475267.0,6.0,0
795.0,2,1.0,1,Suburb,45,1.0,yes,semi-furnished,5022078.0,3.0,0
745.0,4,3.0,4,Premium Township,14,1.0,yes,unfurnished,12371596.0,7.0,0
947.0,3,3.0,4,Suburb,46,1.0,yes,semi-furnished,8857915.0,6.0,0
1017.0,3,2.0,2,Suburb,39,2.0,yes,unfurnished,6260483.0,5.0,0
1754.0,1,1.0,1,Prime Suburb,18,2.0,yes,semi-furnished,16951879.0,2.0,0
350.0,4,4.0,2,Outskirts,57,1.0,no,unfurnished,2023324.0,8.0,0
1057.0,3,2.0,4,City Centre,15,1.0,yes,unfurnished,17427461.0,5.0,0
889.0,3,2.0,1,Prime Suburb,26,1.0,yes,unfurnished,10606907.0,5.0,0
447.0,2,1.0,2,Prime Suburb,28,1.0,no,semi-furnished,4848622.0,3.0,0
1073.0,1,1.0,2,Outskirts,48,1.0,yes,semi-furnished,3432044.0,2.0,0
1345.0,2,2.0,4,Suburb,8,1.0,no,semi-furnished,11091728.0,4.0,0
1691.0,3,2.0,3,Outskirts,13,1.0,yes,furnished,9779811.0,5.0,0
1556.0,4,2.0,3,Premium Township,43,0.0,no,semi-furnished,20134641.0,6.0,0
1651.0,2,1.0,2,City Centre,35,1.0,no,unfurnished,20621164.0,3.0,0
1460.0,2,2.0,1,Outskirts,7,0.0,no,semi-furnished,9431279.0,4.0,0
656.0,2,1.0,2,Outskirts,28,0.0,yes,unfurnished,3629339.0,3.0,0
1386.0,5,4.0,2,City Centre,51,1.0,yes,semi-furnished,20957641.0,9.0,0
922.0,3,3.0,2,Suburb,15,0.0,yes,unfurnished,7401053.0,6.0,0
1016.0,2,1.0,1,Prime Suburb,29,1.0,yes,furnished,10419527.0,3.0,0
715.0,4,4.0,1,Prime Suburb,46,1.0,yes,semi-furnished,9003399.0,8.0,0
985.0,2,2.0,4,City Centre,10,1.0,yes,semi-furnished,24252674.625,4.0,0
1866.0,2,2.0,3,City Centre,44,1.0,yes,furnished,24252674.625,4.0,0
638.0,3,2.0,2,Premium Township,39,1.0,yes,unfurnished,8858287.0,5.0,0
1301.0,2,1.0,2,Suburb,2,0.0,no,furnished,11325192.0,3.0,1
835.0,2,1.0,2,Prime Suburb,51,1.0,yes,unfurnished,7441676.0,3.0,0
1150.0,1,1.0,1,Premium Township,9,2.0,yes,unfurnished,14641877.0,2.0,0
1143.0,2,1.0,2,City Centre,47,1.0,yes,unfurnished,15725413.0,3.0,0
711.0,2,1.0,2,City Centre,3,0.0,yes,unfurnished,11149066.0,3.0,1
1059.0,3,3.0,1,Outskirts,11,1.0,yes,unfurnished,5538457.0,6.0,0
1085.0,2,2.0,2,Outskirts,17,1.0,yes,unfurnished,5701510.0,4.0,0
1969.0,2,1.0,2,Prime Suburb,11,2.0,yes,unfurnished,18010639.0,3.0,0
736.0,3,3.0,4,Premium Township,36,0.0,yes,unfurnished,8500998.0,6.0,0
866.0,3,3.0,3,Outskirts,27,1.0,no,furnished,5590163.0,6.0,0
699.0,2,2.0,1,Outskirts,30,1.0,yes,unfurnished,4725465.0,4.0,0
1245.0,1,1.0,2,Prime Suburb,42,3.0,yes,semi-furnished,12868550.0,2.0,0
890.0,2,1.0,2,Suburb,56,1.0,yes,semi-furnished,4652838.0,3.0,0
350.0,2,1.0,3,Suburb,23,1.0,yes,semi-furnished,4746594.0,3.0,0
1004.0,2,1.0,3,Suburb,27,3.0,yes,semi-furnished,7998782.0,3.0,0
1248.0,1,1.0,1,Outskirts,24,1.0,yes,semi-furnished,6032741.0,2.0,0
1083.0,3,3.0,2,Outskirts,4,2.0,no,semi-furnished,7458597.0,6.0,1
1031.0,1,1.0,1,Prime Suburb,40,1.0,yes,furnished,10586594.0,2.0,0
522.0,3,2.0,2,Suburb,34,2.0,yes,unfurnished,3961378.0,5.0,0
1250.0,3,3.0,4,Suburb,17,1.0,yes,furnished,11539696.0,6.0,0
1312.0,2,1.0,2,Prime Suburb,0,1.0,no,unfurnished,14945434.0,3.0,1
1052.0,3,3.0,2,Outskirts,56,2.0,yes,unfurnished,5691161.0,6.0,0
792.0,3,2.0,2,Outskirts,60,1.0,yes,semi-furnished,3878848.0,5.0,0
1665.0,5,5.0,2,Prime Suburb,40,3.0,yes,semi-furnished,19806862.0,10.0,0
350.0,2,2.0,2,City Centre,55,1.0,yes,semi-furnished,4067701.0,4.0,0
893.0,3,2.0,1,Suburb,12,2.0,yes,semi-furnished,9054561.0,5.0,0
1495.0,2,2.0,2,City Centre,1,1.0,yes,furnished,23124371.0,4.0,1
851.0,4,4.0,3,Suburb,55,2.0,no,unfurnished,8979154.0,8.0,0
1463.0,2,2.0,3,City Centre,26,2.0,no,semi-furnished,21939382.0,4.0,0
1014.0,3,3.0,2,Prime Suburb,42,1.0,yes,semi-furnished,11684869.0,6.0,0
350.0,3,2.0,1,Outskirts,13,1.0,yes,semi-furnished,4853218.0,5.0,0
1227.0,2,1.0,3,Outskirts,17,2.0,no,furnished,7025536.0,3.0,0
989.0,3,3.0,1,Outskirts,6,0.0,yes,furnished,6486455.0,6.0,0
772.0,1,1.0,2,Prime Suburb,38,0.0,no,semi-furnished,6713157.0,2.0,0
442.0,3,3.0,3,Prime Suburb,25,3.0,no,semi-furnished,7699784.0,6.0,0
1262.0,2,2.0,2,Suburb,23,1.0,yes,unfurnished,8747280.0,4.0,0
1024.0,3,3.0,2,City Centre,9,1.0,yes,unfurnished,16335381.0,6.0,0
507.0,3,3.0,1,Outskirts,16,0.0,yes,furnished,4392426.0,6.0,0
984.0,2,2.0,1,City Centre,11,0.0,no,unfurnished,13549628.0,4.0,0
658.0,1,1.0,1,Prime Suburb,28,1.0,no,semi-furnished,9089313.0,2.0,0
1260.0,3,3.0,2,Outskirts,26,2.0,yes,semi-furnished,7789713.0,6.0,0
350.0,2,2.0,2,City Centre,43,0.0,no,semi-furnished,5191729.0,4.0,0
1291.0,2,2.0,3,Suburb,28,1.0,no,semi-furnished,9416522.0,4.0,0
1075.0,2,2.0,3,Suburb,58,1.0,no,semi-furnished,7214410.0,4.0,0
1242.0,3,3.0,2,Suburb,45,1.0,no,unfurnished,8654799.0,6.0,0
781.0,2,2.0,4,City Centre,20,1.0,no,semi-furnished,11868583.0,4.0,0
1188.0,1,1.0,3,Suburb,45,2.0,yes,furnished,6636782.0,2.0,0
774.0,1,1.0,2,Premium Township,44,0.0,yes,unfurnished,9475661.0,2.0,0
689.0,2,1.0,1,City Centre,12,1.0,no,semi-furnished,12138679.0,3.0,0
2127.0,1,1.0,1,City Centre,58,3.0,yes,semi-furnished,24252674.625,2.0,0
785.0,1,1.0,2,Suburb,22,1.0,yes,furnished,6507770.0,2.0,0
914.0,5,4.0,3,Prime Suburb,25,1.0,yes,semi-furnished,12480831.0,9.0,0
477.0,2,2.0,2,City Centre,58,1.0,yes,furnished,7508228.0,4.0,0
2120.0,2,1.0,1,City Centre,18,1.0,no,unfurnished,24252674.625,3.0,0
1267.0,3,1.0,2,City Centre,52,1.0,yes,semi-furnished,18798408.0,4.0,0
1150.0,4,4.0,3,Outskirts,44,1.0,yes,semi-furnished,5040310.0,8.0,0
1444.0,5,5.0,2,Prime Suburb,21,1.0,yes,semi-furnished,17413348.0,10.0,0
713.0,2,1.0,1,Premium Township,27,1.0,yes,semi-furnished,9084476.0,3.0,0
900.0,2,2.0,1,Suburb,26,1.0,no,furnished,6381804.0,4.0,0
766.0,2,1.0,2,City Centre,24,0.0,no,unfurnished,10574287.0,3.0,0
1102.0,2,2.0,2,Outskirts,29,0.0,yes,furnished,7607681.0,4.0,0
1150.0,2,2.0,2,Suburb,28,1.0,no,semi-furnished,9739277.0,4.0,0
815.0,2,1.0,1,Outskirts,9,1.0,yes,semi-furnished,6427588.0,3.0,0
966.0,2,1.0,1,City Centre,21,1.0,yes,furnished,15411057.0,3.0,0
1224.0,4,4.0,3,Premium Township,45,3.0,no,unfurnished,16312985.0,8.0,0
1288.0,2,1.0,1,Suburb,53,0.0,no,semi-furnished,7896672.0,3.0,0
1176.0,2,1.0,1,City Centre,33,0.0,yes,unfurnished,16380257.0,3.0,0
1475.0,3,3.0,2,Suburb,4,2.0,no,unfurnished,12893998.0,6.0,1
1006.0,2,1.0,2,Premium Township,3,1.0,yes,unfurnished,14366550.0,3.0,1
1134.0,2,1.0,3,Suburb,11,3.0,yes,furnished,11171336.0,3.0,0
937.0,2,1.0,3,Suburb,38,0.0,yes,semi-furnished,6436369.0,3.0,0
857.0,2,2.0,2,Outskirts,28,1.0,no,semi-furnished,4622628.0,4.0,0
1219.0,2,1.0,3,Suburb,57,0.0,no,semi-furnished,6282592.0,3.0,0
1422.0,2,2.0,3,Suburb,36,0.0,no,semi-furnished,10310346.0,4.0,0
350.0,1,1.0,2,Suburb,8,1.0,no,semi-furnished,3128377.0,2.0,0
1244.0,1,1.0,2,Outskirts,11,1.0,yes,semi-furnished,5883890.0,2.0,0
1722.0,2,2.0,2,Prime Suburb,26,2.0,yes,unfurnished,16676252.0,4.0,0
1150.0,3,3.0,3,City Centre,21,1.0,yes,unfurnished,14896953.0,6.0,0
732.0,2,1.0,3,Prime Suburb,53,0.0,yes,unfurnished,7255809.0,3.0,0
1078.0,4,2.0,3,Outskirts,57,0.0,yes,unfurnished,6420763.0,6.0,0
1519.0,2,1.0,1,City Centre,17,1.0,yes,semi-furnished,22299767.0,3.0,0
845.0,4,3.0,3,Suburb,58,3.0,yes,semi-furnished,7788621.0,7.0,0
1953.0,5,5.0,1,Outskirts,24,1.0,yes,semi-furnished,9282429.0,10.0,0
1424.0,3,3.0,2,Suburb,0,0.0,yes,unfurnished,9855670.0,6.0,1
1098.0,3,3.0,3,City Centre,19,1.0,yes,unfurnished,16353089.0,6.0,0
1090.0,2,2.0,3,Premium Township,31,1.0,no,semi-furnished,15066716.0,4.0,0
940.0,3,2.0,2,Prime Suburb,58,1.0,yes,unfurnished,8056398.0,5.0,0
834.0,1,1.0,2,Outskirts,53,1.0,yes,unfurnished,1794815.0,2.0,0
1413.0,2,1.0,2,Suburb,43,2.0,yes,semi-furnished,9776354.0,3.0,0
1674.0,1,1.0,3,Suburb,24,2.0,yes,unfurnished,12199696.0,2.0,0
1503.0,4,4.0,1,Suburb,60,1.0,yes,semi-furnished,10398163.0,8.0,0
799.0,2,1.0,2,Prime Suburb,29,1.0,yes,furnished,8990334.0,3.0,0
1416.0,2,2.0,3,City Centre,3,0.0,yes,furnished,21939038.0,4.0,1
1740.0,2,1.0,3,Premium Township,51,1.0,no,semi-furnished,18441837.0,3.0,0
1337.0,4,2.0,2,City Centre,54,2.0,yes,semi-furnished,19331429.0,6.0,0
442.0,2,1.0,1,City Centre,52,0.0,yes,furnished,5313732.0,3.0,0
1962.0,2,2.0,1,Outskirts,56,2.0,no,semi-furnished,6793249.0,4.0,0
994.0,2,2.0,1,Prime Suburb,31,0.0,yes,semi-furnished,9433118.0,4.0,0
974.0,2,1.0,1,City Centre,21,0.0,no,semi-furnished,14191188.0,3.0,0
1126.0,2,1.0,2,Suburb,46,2.0,yes,semi-furnished,7933140.0,3.0,0
542.0,2,1.0,1,Suburb,14,3.0,no,semi-furnished,6331027.0,3.0,0
1293.0,3,1.0,3,Prime Suburb,17,0.0,yes,unfurnished,13822434.0,4.0,0
828.0,4,4.0,2,Suburb,23,1.0,no,unfurnished,8117616.0,8.0,0
1129.0,1,1.0,2,City Centre,38,3.0,yes,unfurnished,16291501.0,2.0,0
721.0,2,1.0,4,Suburb,24,1.0,yes,unfurnished,7511424.0,3.0,0
1185.0,4,3.0,1,Premium Township,37,0.0,yes,semi-furnished,14890697.0,7.0,0
916.0,3,2.0,2,City Centre,54,1.0,no,unfurnished,14250207.0,5.0,0
1488.0,1,1.0,3,City Centre,40,2.0,yes,semi-furnished,20428324.0,2.0,0
796.0,3,3.0,2,Prime Suburb,28,2.0,yes,furnished,10417770.0,6.0,0
952.0,3,1.0,3,Outskirts,37,1.0,yes,unfurnished,6001054.0,4.0,0
400.0,2,2.0,2,City Centre,53,1.0,yes,unfurnished,4299285.0,4.0,0
1267.0,3,2.0,1,Prime Suburb,0,1.0,yes,furnished,15612135.0,5.0,1
1246.0,3,3.0,2,Prime Suburb,51,1.0,yes,semi-furnished,12702572.0,6.0,0
1185.0,3,2.0,4,Suburb,25,1.0,yes,semi-furnished,9175685.0,5.0,0
1647.0,5,5.0,2,Suburb,17,1.0,yes,semi-furnished,13876980.0,10.0,0
729.0,1,1.0,4,Suburb,20,1.0,yes,semi-furnished,5446742.0,2.0,0
1148.0,3,1.0,1,Outskirts,48,3.0,yes,semi-furnished,5013404.0,4.0,0
2012.0,4,4.0,1,City Centre,8,2.0,yes,furnished,24252674.625,8.0,0
552.0,3,3.0,2,Outskirts,58,1.0,yes,semi-furnished,1849729.0,6.0,0
1150.0,1,1.0,1,Prime Suburb,3,2.0,yes,furnished,18234402.0,2.0,1
1764.0,1,1.0,1,Outskirts,0,1.0,yes,semi-furnished,9666592.0,2.0,1
931.0,2,2.0,1,City Centre,53,1.0,no,semi-furnished,12031017.0,4.0,0
1318.0,2,1.0,1,Suburb,2,1.0,yes,furnished,10472006.0,3.0,1
1691.0,3,1.0,1,Prime Suburb,38,1.0,no,semi-furnished,18566001.0,4.0,0
1101.0,2,1.0,2,City Centre,10,0.0,yes,unfurnished,17148977.0,3.0,0
848.0,3,2.0,1,Prime Suburb,54,2.0,no,unfurnished,8115504.0,5.0,0
682.0,3,2.0,2,Suburb,38,0.0,no,semi-furnished,5518283.0,5.0,0
1213.0,1,1.0,3,Suburb,37,1.0,no,furnished,9012184.0,2.0,0
1182.0,2,2.0,1,Prime Suburb,47,1.0,yes,unfurnished,12340816.0,4.0,0
603.0,4,3.0,1,Prime Suburb,8,3.0,no,semi-furnished,9095932.0,7.0,0
1292.0,2,1.0,1,Prime Suburb,42,0.0,yes,furnished,11820779.0,3.0,0
532.0,3,2.0,2,Prime Suburb,0,1.0,yes,furnished,9362081.0,5.0,1
1064.0,4,3.0,3,City Centre,42,1.0,yes,unfurnished,16133704.0,7.0,0
1462.0,4,4.0,2,Prime Suburb,45,1.0,no,semi-furnished,14632716.0,8.0,0
1035.0,2,1.0,1,Premium Township,44,1.0,yes,unfurnished,11813950.0,3.0,0
535.0,3,1.0,2,Suburb,12,1.0,yes,semi-furnished,8274994.0,4.0,0
1824.0,3,3.0,3,Suburb,28,1.0,no,semi-furnished,11828198.0,6.0,0
1027.0,4,3.0,3,Suburb,41,0.0,no,unfurnished,6312019.0,7.0,0
1121.0,4,4.0,2,City Centre,14,0.0,yes,semi-furnished,19160138.0,8.0,0
1150.0,3,2.0,2,Suburb,4,1.0,yes,semi-furnished,9499136.0,5.0,1
1915.0,5,4.0,1,Suburb,16,3.0,yes,semi-furnished,14043634.0,9.0,0
1150.0,2,2.0,1,Outskirts,20,2.0,yes,unfurnished,5392214.0,4.0,0
563.0,3,2.0,2,Premium Township,14,1.0,yes,furnished,8655049.0,5.0,0
423.0,3,1.0,2,City Centre,7,1.0,no,unfurnished,7809803.0,4.0,0
1265.0,4,3.0,2,Outskirts,18,1.0,yes,semi-furnished,6263175.0,7.0,0
1708.0,1,1.0,2,City Centre,7,0.0,no,unfurnished,24252674.625,2.0,0
743.0,4,3.0,1,Outskirts,49,1.0,yes,unfurnished,4354785.0,7.0,0
1150.0,2,1.0,2,Suburb,25,0.0,yes,semi-furnished,9486343.0,3.0,0
1346.0,2,1.0,1,Outskirts,34,2.0,yes,unfurnished,7121879.0,3.0,0
595.0,3,3.0,3,Suburb,40,1.0,yes,unfurnished,5161058.0,6.0,0
879.0,1,1.0,2,Suburb,54,1.0,no,semi-furnished,4558500.0,2.0,0
1030.0,2,2.0,1,Premium Township,47,0.0,yes,semi-furnished,11649493.0,4.0,0
958.0,4,3.0,2,Outskirts,26,0.0,yes,unfurnished,4922551.0,7.0,0
636.0,4,4.0,1,Suburb,16,0.0,no,unfurnished,6632956.0,8.0,0
1418.0,2,2.0,1,Outskirts,32,0.0,yes,semi-furnished,6500504.0,4.0,0
1376.0,1,1.0,2,Suburb,44,2.0,yes,semi-furnished,8610459.0,2.0,0
625.0,2,1.0,2,Prime Suburb,23,2.0,yes,unfurnished,8312583.0,3.0,0
1704.0,2,1.0,2,Outskirts,25,0.0,yes,unfurnished,4943901.0,3.0,0
1107.0,1,1.0,1,Prime Suburb,25,1.0,yes,semi-furnished,12119394.0,2.0,0
1281.0,2,1.0,2,Premium Township,1,1.0,no,unfurnished,16482676.0,3.0,1
721.0,2,2.0,1,City Centre,49,1.0,no,semi-furnished,11301445.0,4.0,0
1224.0,1,1.0,3,Prime Suburb,16,2.0,no,unfurnished,11505614.0,2.0,0
1172.0,1,1.0,1,Outskirts,2,2.0,yes,semi-furnished,5820757.0,2.0,1
1160.0,3,2.0,3,Suburb,54,0.0,yes,furnished,8576647.0,5.0,0
1217.0,3,2.0,1,Suburb,48,3.0,no,unfurnished,7896425.0,5.0,0
1281.0,3,3.0,3,Outskirts,28,3.0,yes,semi-furnished,7508174.0,6.0,0
1150.0,1,1.0,2,Outskirts,25,1.0,no,semi-furnished,5148289.0,2.0,0
1298.0,3,3.0,3,City Centre,35,3.0,no,semi-furnished,19900806.0,6.0,0
1741.0,2,1.0,1,Premium Township,11,1.0,yes,furnished,20993434.0,3.0,0
845.0,5,3.0,2,City Centre,3,3.0,no,unfurnished,14733040.0,8.0,1
680.0,4,3.0,2,Outskirts,11,0.0,no,semi-furnished,4982669.0,7.0,0
1233.0,2,2.0,1,Prime Suburb,39,1.0,yes,unfurnished,11505718.0,4.0,0
717.0,2,1.0,1,City Centre,33,2.0,no,unfurnished,11079906.0,3.0,0
350.0,2,2.0,3,Premium Township,44,1.0,yes,furnished,5934904.0,4.0,0
1461.0,3,3.0,2,Prime Suburb,52,1.0,yes,semi-furnished,15101927.0,6.0,0
1680.0,4,3.0,1,Prime Suburb,37,1.0,yes,unfurnished,16945274.0,7.0,0
1283.0,3,2.0,2,Suburb,52,1.0,yes,semi-furnished,6924298.0,5.0,0
997.0,2,1.0,1,Premium Township,51,1.0,yes,semi-furnished,12598044.0,3.0,0
2086.0,3,1.0,2,City Centre,6,3.0,yes,semi-furnished,24252674.625,4.0,0
689.0,2,2.0,2,Outskirts,24,1.0,yes,furnished,4320961.0,4.0,0
1130.0,3,2.0,1,Suburb,5,2.0,yes,semi-furnished,10599662.0,5.0,1
1409.0,1,1.0,3,Outskirts,40,1.0,yes,furnished,7244154.0,2.0,0
1235.0,2,2.0,2,Suburb,24,2.0,yes,semi-furnished,8975473.0,4.0,0
915.0,1,1.0,1,City Centre,39,2.0,yes,furnished,14431840.0,2.0,0
1364.0,4,3.0,2,Suburb,39,3.0,yes,furnished,10149896.0,7.0,0
868.0,3,3.0,4,Suburb,37,1.0,yes,unfurnished,7712883.0,6.0,0
1109.0,4,2.0,2,Suburb,48,1.0,yes,furnished,10791170.0,6.0,0
1512.0,5,5.0,3,Suburb,23,2.0,no,unfurnished,13569941.0,10.0,0
788.0,3,2.0,1,Suburb,1,1.0,no,furnished,7793041.0,5.0,1
1150.0,3,1.0,3,Suburb,44,1.0,yes,semi-furnished,9562247.0,4.0,0
1553.0,3,3.0,1,Suburb,25,1.0,yes,semi-furnished,10508353.0,6.0,0
691.0,2,2.0,1,Prime Suburb,7,0.0,yes,furnished,9259093.0,4.0,0
1110.0,3,3.0,4,City Centre,42,0.0,no,furnished,16392660.0,6.0,0
1623.0,2,1.0,2,Suburb,23,1.0,no,unfurnished,10587899.0,3.0,0
1025.0,5,5.0,3,Suburb,9,0.0,yes,furnished,11851711.0,10.0,0
1366.0,4,4.0,2,Outskirts,32,1.0,yes,semi-furnished,7253937.0,8.0,0
1370.0,3,2.0,2,Suburb,13,3.0,no,unfurnished,10711641.0,5.0,0
872.0,2,2.0,2,Suburb,34,0.0,yes,semi-furnished,7293195.0,4.0,0
1541.0,1,1.0,1,Premium Township,10,1.0,no,semi-furnished,17782671.0,2.0,0
1950.0,4,3.0,1,City Centre,56,1.0,yes,semi-furnished,24252674.625,7.0,0
1072.0,5,4.0,4,Outskirts,43,0.0,yes,semi-furnished,6597445.0,9.0,0
1408.0,3,3.0,1,Prime Suburb,26,0.0,yes,unfurnished,14967452.0,6.0,0
1443.0,4,4.0,2,Outskirts,11,1.0,no,semi-furnished,9631083.0,8.0,0
1806.0,2,2.0,4,Premium Township,45,2.0,yes,unfurnished,20220632.0,4.0,0
1428.0,3,3.0,3,Suburb,26,1.0,yes,semi-furnished,12462363.0,6.0,0
1171.0,3,2.0,1,City Centre,14,3.0,yes,semi-furnished,18665161.0,5.0,0
810.0,1,1.0,3,City Centre,37,1.0,yes,furnished,13551336.0,2.0,0
1150.0,3,1.0,1,City Centre,26,1.0,yes,furnished,21437456.0,4.0,0
2092.0,2,2.0,1,Prime Suburb,12,1.0,no,unfurnished,19788729.0,4.0,0
1843.0,2,2.0,2,Outskirts,20,1.0,yes,unfurnished,6652749.0,4.0,0
713.0,4,3.0,4,Outskirts,1,0.0,yes,furnished,6752130.0,7.0,1
1066.0,3,3.0,2,Suburb,12,0.0,yes,unfurnished,7827935.0,6.0,0
494.0,5,4.0,1,Prime Suburb,6,1.0,yes,unfurnished,9318747.0,9.0,0
1332.0,2,1.0,2,Suburb,57,1.0,no,furnished,7784343.0,3.0,0
1410.0,2,1.0,1,Suburb,40,1.0,yes,unfurnished,8711944.0,3.0,0
1291.0,2,2.0,1,Prime Suburb,37,0.0,yes,semi-furnished,11510807.0,4.0,0
1367.0,3,3.0,2,Suburb,57,2.0,no,semi-furnished,9300586.0,6.0,0
1876.0,2,1.0,1,Prime Suburb,38,0.0,yes,semi-furnished,16859755.0,3.0,0
864.0,3,3.0,1,Prime Suburb,26,1.0,yes,semi-furnished,10791786.0,6.0,0
1426.0,2,2.0,1,Prime Suburb,36,1.0,yes,semi-furnished,13883856.0,4.0,0
1139.0,3,2.0,2,Suburb,1,1.0,no,unfurnished,8387349.0,5.0,1
1146.0,2,2.0,3,Prime Suburb,38,2.0,yes,semi-furnished,13150764.0,4.0,0
830.0,3,2.0,1,Outskirts,59,2.0,yes,semi-furnished,5890733.0,5.0,0
1726.0,3,3.0,1,Suburb,39,1.0,yes,semi-furnished,11258852.0,6.0,0
571.0,3,3.0,2,Suburb,1,2.0,yes,furnished,7308483.0,6.0,1
816.0,1,1.0,1,Outskirts,49,0.0,yes,semi-furnished,4231839.0,2.0,0
1612.0,1,1.0,1,Suburb,51,2.0,yes,semi-furnished,9010536.0,2.0,0
350.0,3,3.0,1,Prime Suburb,25,0.0,no,unfurnished,5624890.0,6.0,0
1324.0,3,2.0,1,Suburb,45,1.0,no,furnished,9080816.0,5.0,0
1856.0,4,3.0,1,Outskirts,4,2.0,no,semi-furnished,8677060.0,7.0,1
1150.0,1,1.0,1,Premium Township,26,2.0,yes,unfurnished,16533852.0,2.0,0
986.0,2,1.0,1,Prime Suburb,53,2.0,yes,unfurnished,9658182.0,3.0,0
727.0,5,5.0,3,Outskirts,2,3.0,no,semi-furnished,8037842.0,10.0,1
1051.0,2,2.0,1,Premium Township,6,2.0,yes,unfurnished,15079769.0,4.0,0
1403.0,2,1.0,1,Outskirts,13,1.0,no,unfurnished,6554169.0,3.0,0
1155.0,2,2.0,1,Outskirts,5,1.0,no,semi-furnished,7457346.0,4.0,1
1198.0,2,1.0,1,Outskirts,4,3.0,no,unfurnished,6124996.0,3.0,1
1785.0,2,1.0,2,Premium Township,51,1.0,yes,unfurnished,17849440.0,3.0,0
1410.0,2,2.0,2,Outskirts,15,3.0,yes,unfurnished,7300252.0,4.0,0
1027.0,2,2.0,3,Prime Suburb,49,1.0,no,unfurnished,9944644.0,4.0,0
1225.0,3,1.0,3,Suburb,33,1.0,yes,furnished,8941262.0,4.0,0
830.0,1,1.0,2,Suburb,6,1.0,yes,furnished,7655309.0,2.0,0
1665.0,2,2.0,2,Suburb,58,1.0,yes,semi-furnished,10320875.0,4.0,0
774.0,3,1.0,2,City Centre,4,1.0,yes,semi-furnished,11925335.0,4.0,1
1258.0,3,2.0,2,Outskirts,48,0.0,yes,semi-furnished,3961558.0,5.0,0
738.0,3,3.0,2,Prime Suburb,48,2.0,no,furnished,8638036.0,6.0,0
1300.0,1,1.0,3,City Centre,23,0.0,yes,semi-furnished,18638373.0,2.0,0
1894.0,4,4.0,1,Suburb,23,2.0,yes,unfurnished,14273136.0,8.0,0
