area,bedrooms,bathrooms,stories,location,house_age,parking,main_road,furnishing_status,price
2879.0,3,2.0,3,Suburban,36,0.0,yes,semi-furnished,562367.0
1544.0,1,1.0,1,Downtown,54,1.0,yes,furnished,363282.0
2027.0,2,1.0,2,Downtown,15,1.0,no,furnished,553556.0
1505.0,2,1.0,3,Downtown,22,3.0,yes,furnished,440957.0
3707.0,5,3.0,1,Suburban,42,1.0,no,semi-furnished,684214.0
2384.0,4,3.0,1,Midtown,20,2.0,yes,unfurnished,549606.0
1053.0,4,3.0,2,Midtown,49,2.0,yes,furnished,333552.0
1138.0,4,4.0,3,Suburban,43,1.0,yes,semi-furnished,349363.0
766.0,5,3.0,1,Midtown,0,1.0,no,semi-furnished,306290.0
2168.0,3,2.0,3,Midtown,13,3.0,yes,unfurnished,520903.0
1946.0,4,2.0,2,Waterfront,21,0.0,yes,unfurnished,571949.0
1731.0,2,2.0,2,Downtown,31,2.0,no,semi-furnished,465273.0
2221.0,4,4.0,2,Midtown,50,0.0,yes,unfurnished,499992.0
926.0,2,2.0,3,Suburban,21,1.0,yes,semi-furnished,248287.0
2274.0,3,3.0,3,Rural,57,1.0,no,semi-furnished,353384.0
2405.0,2,2.0,3,Midtown,16,3.0,yes,semi-furnished,587631.0
1465.0,4,3.0,2,Downtown,53,0.0,yes,furnished,472722.0
3085.0,3,3.0,1,Downtown,22,2.0,no,semi-furnished,746285.0
1841.0,2,1.0,3,Rural,20,3.0,no,furnished,320673.0
1274.0,2,1.0,1,Suburban,9,0.0,yes,semi-furnished,333049.0
10524.0,3,1.0,2,Downtown,55,1.0,yes,unfurnished,460676.0
2308.0,4,3.0,1,Waterfront,9,2.0,no,furnished,736234.0
2301.0,4,3.0,2,Downtown,33,2.0,yes,unfurnished,618052.0
2478.0,4,4.0,2,Suburban,41,1.0,yes,semi-furnished,502456.0
1802.0,3,3.0,1,Midtown,1,0.0,yes,unfurnished,436112.0
1035.0,2,2.0,3,Downtown,7,1.0,yes,unfurnished,302154.0
1748.0,4,4.0,4,Rural,21,1.0,yes,semi-furnished,335862.0
2299.0,2,1.0,2,Waterfront,60,2.0,yes,furnished,2404518.8892005314
2267.0,3,2.0,2,Rural,27,2.0,no,unfurnished,383848.0
1200.0,2,1.0,1,Downtown,16,2.0,yes,semi-furnished,348986.0
2052.0,2,2.0,3,Waterfront,43,0.0,yes,semi-furnished,583073.0
1843.0,3,1.0,2,Downtown,29,0.0,yes,furnished,456225.0
1406.0,3,2.0,1,Suburban,1,0.0,no,semi-furnished,331602.0
1656.0,4,4.0,2,Suburban,14,2.0,yes,semi-furnished,435564.0
1559.0,3,2.0,2,Midtown,0,2.0,yes,semi-furnished,396554.0
785.0,2,1.0,1,Midtown,27,1.0,yes,unfurnished,236532.0
2661.0,4,4.0,1,Rural,58,2.0,no,furnished,416053.0
2345.0,3,2.0,4,Midtown,21,1.0,no,unfurnished,506521.0
2072.0,3,3.0,2,Midtown,30,0.0,no,semi-furnished,453279.0
2660.0,2,1.0,3,Waterfront,46,3.0,no,semi-furnished,711355.0
1889.0,5,5.0,4,Suburban,12,2.0,no,furnished,516750.0
2094.0,2,1.0,2,Suburban,0,1.0,no,furnished,442187.0
2069.0,5,5.0,2,Midtown,27,1.0,yes,furnished,550217.0
931.0,3,2.0,1,Midtown,22,1.0,no,unfurnished,303963.0
1457.0,3,1.0,2,Downtown,40,2.0,yes,semi-furnished,397249.0
1640.0,3,3.0,1,Suburban,59,1.0,yes,unfurnished,294706.0
2381.0,2,2.0,2,Downtown,8,3.0,yes,unfurnished,647617.0
2241.0,3,1.0,2,Suburban,60,3.0,yes,furnished,408286.0
2073.0,2,1.0,2,Suburban,36,1.0,yes,furnished,394819.0
1574.0,5,5.0,1,Suburban,32,1.0,yes,furnished,424013.0
975.0,3,3.0,3,Suburban,42,1.0,no,semi-furnished,241599.0
2597.0,2,2.0,2,Midtown,6,1.0,yes,semi-furnished,586861.0
1577.0,3,2.0,1,Suburban,37,1.0,no,furnished,327716.0
2892.0,3,3.0,2,Downtown,18,2.0,yes,unfurnished,689997.0
1599.0,3,2.0,1,Suburban,32,1.0,yes,semi-furnished,324585.0
1786.0,1,1.0,2,Suburban,30,2.0,yes,semi-furnished,323965.0
2179.0,1,1.0,2,Suburban,53,3.0,yes,furnished,370147.0
1553.0,4,,2,Suburban,23,1.0,yes,unfurnished,320903.0
1070.0,3,3.0,3,Rural,9,2.0,no,furnished,276224.0
2684.0,1,1.0,3,Suburban,14,1.0,no,semi-furnished,2486326.8762134095
2871.0,2,,3,Midtown,19,2.0,yes,furnished,641169.0
1878.0,1,1.0,2,Suburban,56,1.0,yes,unfurnished,308064.0
1707.0,4,3.0,3,Midtown,33,0.0,yes,furnished,454783.0
1975.0,1,1.0,3,Waterfront,4,1.0,no,semi-furnished,577620.0
,3,1.0,3,Downtown,21,,yes,semi-furnished,630215.0
1157.0,2,2.0,1,Midtown,27,1.0,yes,,283879.0
2355.0,3,3.0,3,Midtown,6,1.0,no,semi-furnished,559144.0
1807.0,3,3.0,1,Downtown,14,1.0,yes,semi-furnished,510886.0
2156.0,2,1.0,3,Suburban,41,3.0,yes,furnished,442763.0
1706.0,4,4.0,1,Suburban,60,1.0,yes,unfurnished,351727.0
1823.0,1,1.0,1,Suburban,35,1.0,yes,,328344.0
1282.0,1,1.0,3,Suburban,32,2.0,yes,semi-furnished,289991.0
1381.0,5,4.0,2,Downtown,23,3.0,yes,semi-furnished,513208.0
2046.0,4,4.0,1,Midtown,21,2.0,yes,furnished,548088.0
1702.0,3,2.0,1,Suburban,0,1.0,yes,semi-furnished,352234.0
2034.0,5,5.0,1,Suburban,22,0.0,no,semi-furnished,412881.0
1322.0,4,4.0,1,Suburban,48,2.0,no,furnished,329278.0
1442.0,2,1.0,2,Suburban,45,1.0,yes,unfurnished,261581.0
1653.0,3,1.0,3,Suburban,53,3.0,yes,furnished,368049.0
1257.0,4,4.0,1,Suburban,44,2.0,no,furnished,271219.0
1649.0,2,1.0,2,Suburban,11,0.0,yes,semi-furnished,291222.0
1116.0,2,2.0,3,Midtown,46,3.0,no,furnished,250409.0
2547.0,1,1.0,4,Suburban,48,1.0,yes,semi-furnished,458982.0
1523.0,2,1.0,1,Downtown,11,1.0,yes,unfurnished,402893.0
2159.0,3,3.0,3,Suburban,45,0.0,no,unfurnished,445724.0
2902.0,4,4.0,2,Waterfront,34,2.0,yes,furnished,840029.0
2477.0,5,5.0,2,Suburban,9,1.0,no,furnished,565453.0
450.0,2,1.0,1,Suburban,17,2.0,yes,furnished,157393.0
2135.0,3,2.0,1,Suburban,8,1.0,yes,semi-furnished,442012.0
677.0,3,2.0,1,Downtown,55,1.0,yes,furnished,211562.0
2134.0,4,4.0,3,Downtown,30,1.0,no,unfurnished,571041.0
2288.0,4,4.0,1,Suburban,9,0.0,yes,furnished,522501.0
2616.0,2,1.0,1,Midtown,12,2.0,yes,semi-furnished,550003.0
683.0,3,1.0,3,Suburban,56,1.0,yes,semi-furnished,168454.0
1751.0,3,3.0,1,Suburban,19,3.0,yes,unfurnished,388219.0
891.0,4,4.0,4,Midtown,1,1.0,yes,unfurnished,372003.0
2224.0,4,3.0,3,Downtown,8,0.0,yes,semi-furnished,594046.0
1109.0,4,4.0,2,Suburban,47,3.0,yes,semi-furnished,357093.0
2069.0,3,1.0,4,Midtown,7,0.0,no,furnished,440549.0
1582.0,3,3.0,2,Waterfront,0,3.0,no,furnished,568654.0
701.0,3,3.0,3,Rural,39,0.0,no,semi-furnished,199495.0
1563.0,3,3.0,3,Suburban,50,1.0,yes,semi-furnished,343060.0
1482.0,3,3.0,2,Midtown,56,3.0,yes,semi-furnished,330410.0
1598.0,3,3.0,2,Midtown,57,3.0,yes,semi-furnished,356986.0
2030.0,1,1.0,1,Waterfront,27,2.0,no,semi-furnished,543726.0
1332.0,4,4.0,2,Suburban,28,1.0,no,furnished,392866.0
1615.0,2,1.0,2,Rural,12,3.0,yes,semi-furnished,314460.0
1307.0,1,1.0,1,Suburban,8,3.0,no,semi-furnished,256718.0
874.0,3,3.0,3,Downtown,10,2.0,yes,unfurnished,344078.0
909.0,4,4.0,2,Waterfront,34,2.0,yes,semi-furnished,404278.0
,3,3.0,2,Suburban,1,3.0,no,furnished,483604.0
492.0,1,1.0,2,Waterfront,56,,no,unfurnished,151274.0
1872.0,2,1.0,1,Downtown,4,1.0,yes,semi-furnished,548038.0
1964.0,5,4.0,2,Rural,22,1.0,no,semi-furnished,390952.0
2311.0,1,1.0,1,Suburban,16,3.0,no,unfurnished,392317.0
2276.0,2,1.0,1,Rural,0,1.0,yes,furnished,398414.0
1648.0,2,2.0,4,Rural,23,1.0,yes,semi-furnished,329925.0
1603.0,5,5.0,2,Suburban,8,2.0,yes,semi-furnished,532516.0
846.0,5,5.0,3,Rural,4,3.0,no,semi-furnished,319688.0
1773.0,3,1.0,1,Suburban,45,3.0,yes,furnished,373439.0
1566.0,5,5.0,2,Waterfront,53,3.0,yes,semi-furnished,574169.0
1206.0,4,4.0,1,Downtown,5,2.0,yes,furnished,431633.0
1088.0,4,4.0,3,Waterfront,35,2.0,yes,furnished,408124.0
2520.0,3,3.0,2,Waterfront,9,,no,furnished,769388.0
1583.0,3,3.0,3,Downtown,5,2.0,yes,furnished,2429104.3856299375
1742.0,4,2.0,2,Suburban,53,2.0,yes,,386225.0
2032.0,3,3.0,1,Midtown,21,2.0,no,semi-furnished,474223.0
1030.0,4,4.0,1,Midtown,44,0.0,yes,semi-furnished,319546.0
1035.0,2,2.0,3,Downtown,7,1.0,yes,unfurnished,302154.0
1511.0,4,3.0,2,Downtown,51,2.0,yes,semi-furnished,331582.0
1686.0,3,3.0,1,Rural,6,3.0,yes,semi-furnished,372887.0
2629.0,3,3.0,2,Midtown,52,2.0,yes,furnished,578253.0
1227.0,1,1.0,2,Suburban,7,3.0,no,furnished,319698.0
2618.0,2,2.0,1,Midtown,14,1.0,yes,semi-furnished,560363.0
2294.0,3,2.0,1,Downtown,45,1.0,yes,semi-furnished,499889.0
1870.0,3,2.0,2,Midtown,17,1.0,no,furnished,458496.0
2670.0,4,3.0,1,Downtown,8,1.0,yes,semi-furnished,727007.0
1367.0,2,1.0,2,Midtown,13,1.0,no,unfurnished,335643.0
1910.0,5,5.0,2,Suburban,44,1.0,yes,unfurnished,439204.0
879.0,4,4.0,1,Suburban,60,1.0,no,furnished,213205.0
1482.0,3,3.0,3,Rural,32,2.0,no,semi-furnished,280611.0
2839.0,4,4.0,3,Suburban,2,0.0,yes,furnished,587648.0
2589.0,1,1.0,1,Downtown,7,1.0,yes,furnished,620961.0
1678.0,2,2.0,3,Suburban,55,0.0,yes,unfurnished,324810.0
2909.0,2,2.0,2,Downtown,55,3.0,yes,semi-furnished,649528.0
971.0,3,3.0,1,Suburban,17,1.0,yes,semi-furnished,265685.0
1554.0,3,3.0,2,Midtown,21,2.0,yes,furnished,432807.0
1648.0,2,2.0,1,Suburban,4,3.0,yes,furnished,381631.0
2175.0,5,5.0,2,Midtown,6,2.0,yes,semi-furnished,587656.0
1938.0,3,3.0,2,Waterfront,25,0.0,yes,furnished,576365.0
1954.0,3,3.0,1,Suburban,46,2.0,yes,semi-furnished,419992.0
2369.0,2,1.0,2,Suburban,46,1.0,no,unfurnished,430759.0
1817.0,4,3.0,1,Suburban,42,3.0,yes,furnished,399998.0
1840.0,2,1.0,2,Midtown,59,2.0,yes,semi-furnished,362326.0
1133.0,3,3.0,2,Suburban,22,3.0,no,semi-furnished,351323.0
1284.0,4,4.0,2,Downtown,5,2.0,no,semi-furnished,456218.0
1769.0,1,1.0,1,Midtown,56,2.0,yes,semi-furnished,334868.0
2132.0,2,2.0,1,Downtown,9,3.0,yes,semi-furnished,567047.0
1904.0,4,3.0,1,Suburban,0,2.0,yes,semi-furnished,526649.0
2066.0,2,1.0,2,Waterfront,5,2.0,no,furnished,596621.0
2397.0,1,1.0,1,Waterfront,27,,yes,furnished,716657.0
,3,3.0,2,Midtown,29,1.0,no,unfurnished,354257.0
1738.0,3,3.0,3,Downtown,12,,no,semi-furnished,481178.0
450.0,3,2.0,1,Downtown,2,1.0,yes,furnished,243587.0
2301.0,5,4.0,2,Midtown,41,,yes,furnished,600971.0
1616.0,2,2.0,4,Suburban,40,2.0,no,semi-furnished,312917.0
2186.0,5,5.0,1,Waterfront,9,1.0,yes,furnished,721574.0
450.0,4,4.0,2,Midtown,24,3.0,yes,semi-furnished,192802.0
2136.0,4,3.0,2,Midtown,17,1.0,yes,furnished,530502.0
1748.0,4,3.0,1,Midtown,49,1.0,yes,semi-furnished,387380.0
2250.0,5,5.0,4,Midtown,57,3.0,yes,semi-furnished,547866.0
2916.0,2,2.0,2,Rural,32,1.0,yes,semi-furnished,420303.0
2753.0,3,2.0,2,Midtown,40,1.0,yes,semi-furnished,550067.0
1799.0,3,3.0,1,Suburban,8,1.0,yes,furnished,447528.0
2057.0,3,3.0,1,Midtown,18,2.0,yes,furnished,539009.0
2126.0,2,1.0,1,Suburban,57,2.0,no,semi-furnished,378900.0
1498.0,3,3.0,2,Rural,42,2.0,no,semi-furnished,300524.0
1635.0,2,2.0,2,Suburban,1,1.0,no,semi-furnished,383294.0
2025.0,4,3.0,1,Suburban,18,2.0,yes,semi-furnished,453239.0
1855.0,1,1.0,3,Suburban,42,0.0,yes,semi-furnished,313131.0
839.0,3,2.0,1,Waterfront,58,2.0,no,semi-furnished,311553.0
1939.0,2,1.0,4,Suburban,24,3.0,no,semi-furnished,406245.0
2002.0,4,4.0,3,Midtown,12,,yes,semi-furnished,538517.0
1642.0,3,2.0,3,Downtown,6,1.0,yes,furnished,483511.0
2397.0,4,3.0,2,Midtown,53,0.0,yes,semi-furnished,506774.0
2295.0,3,3.0,3,Midtown,36,3.0,no,semi-furnished,540730.0
2580.0,2,2.0,1,Suburban,4,1.0,yes,semi-furnished,489800.0
2495.0,3,2.0,2,Rural,28,1.0,yes,semi-furnished,388782.0
927.0,5,4.0,3,Suburban,35,0.0,yes,semi-furnished,305144.0
1597.0,4,3.0,1,Rural,37,0.0,no,semi-furnished,303236.0
2441.0,3,2.0,2,Midtown,21,3.0,yes,semi-furnished,554540.0
1764.0,2,2.0,2,Midtown,39,2.0,yes,semi-furnished,407617.0
1666.0,3,3.0,2,Midtown,46,0.0,no,furnished,361724.0
1640.0,5,5.0,3,Suburban,2,3.0,no,unfurnished,458564.0
2107.0,4,4.0,1,Downtown,7,1.0,yes,semi-furnished,609507.0
2551.0,3,2.0,1,Rural,8,1.0,no,unfurnished,392604.0
2125.0,5,4.0,3,Downtown,53,3.0,yes,furnished,549333.0
1589.0,1,1.0,2,Suburban,32,2.0,yes,unfurnished,350430.0
1416.0,1,1.0,3,Midtown,44,1.0,yes,unfurnished,344347.0
2182.0,3,3.0,1,Waterfront,51,1.0,yes,furnished,615091.0
1109.0,2,2.0,1,Waterfront,41,0.0,no,furnished,319418.0
3180.0,3,3.0,2,Suburban,29,1.0,yes,unfurnished,609611.0
2468.0,2,2.0,1,Waterfront,25,3.0,yes,unfurnished,659653.0
1955.0,2,1.0,1,Rural,20,1.0,no,furnished,304201.0
3078.0,2,2.0,4,Rural,56,1.0,no,furnished,389920.0
1837.0,5,5.0,2,Waterfront,36,0.0,yes,furnished,590818.0
1618.0,4,4.0,4,Midtown,30,1.0,no,semi-furnished,471459.0
2902.0,2,2.0,1,Midtown,5,0.0,no,furnished,654794.0
2047.0,3,2.0,2,Rural,37,1.0,yes,furnished,317676.0
2672.0,3,2.0,1,Suburban,42,2.0,yes,semi-furnished,521835.0
1446.0,4,3.0,2,Midtown,5,3.0,yes,furnished,443537.0
1493.0,3,2.0,1,Downtown,57,1.0,yes,semi-furnished,385371.0
2221.0,4,3.0,1,Midtown,46,2.0,yes,semi-furnished,554059.0
2451.0,1,1.0,1,Suburban,11,2.0,yes,furnished,463433.0
1873.0,3,2.0,2,Suburban,30,2.0,yes,unfurnished,399633.0
2739.0,3,3.0,2,Waterfront,44,1.0,yes,semi-furnished,738278.0
2278.0,5,5.0,1,Rural,54,1.0,yes,furnished,455530.0
2683.0,4,4.0,2,Suburban,30,1.0,no,semi-furnished,600963.0
1430.0,4,3.0,2,Downtown,5,1.0,yes,furnished,460502.0
450.0,3,1.0,2,Waterfront,9,1.0,yes,unfurnished,246077.0
1792.0,3,3.0,2,Waterfront,4,1.0,yes,semi-furnished,619511.0
450.0,3,1.0,3,Suburban,54,3.0,no,,151515.0
1816.0,3,3.0,2,Suburban,33,1.0,yes,semi-furnished,342031.0
1307.0,3,2.0,2,Waterfront,22,2.0,yes,furnished,445999.0
1283.0,3,2.0,2,Downtown,0,2.0,no,unfurnished,427683.0
1246.0,3,3.0,2,Waterfront,6,2.0,no,semi-furnished,416193.0
2066.0,4,4.0,1,Midtown,42,0.0,yes,semi-furnished,452725.0
2179.0,1,1.0,2,Suburban,53,3.0,yes,furnished,370147.0
450.0,4,4.0,2,Midtown,43,2.0,no,unfurnished,234236.0
1488.0,3,2.0,1,Downtown,28,1.0,yes,unfurnished,426857.0
1750.0,4,3.0,1,Rural,53,0.0,yes,furnished,318306.0
2770.0,3,3.0,3,Downtown,21,1.0,yes,semi-furnished,677335.0
2514.0,3,2.0,1,Midtown,33,2.0,yes,unfurnished,513077.0
1999.0,4,3.0,1,Downtown,3,3.0,yes,semi-furnished,559776.0
1570.0,4,3.0,1,Rural,16,1.0,no,furnished,345547.0
1362.0,3,2.0,2,Waterfront,54,1.0,no,semi-furnished,390739.0
2165.0,3,1.0,2,Waterfront,51,1.0,yes,semi-furnished,590074.0
2618.0,2,1.0,1,Waterfront,30,1.0,yes,semi-furnished,690077.0
10614.0,4,3.0,2,Downtown,3,1.0,yes,furnished,598691.0
2192.0,2,1.0,1,Midtown,20,3.0,yes,unfurnished,430495.0
2549.0,4,4.0,3,Suburban,12,2.0,yes,furnished,575384.0
1909.0,2,2.0,2,Downtown,1,1.0,yes,furnished,507776.0
2499.0,4,3.0,3,Midtown,54,0.0,yes,semi-furnished,583024.0
1862.0,2,2.0,3,Midtown,15,1.0,yes,furnished,461173.0
2744.0,4,4.0,2,Suburban,36,1.0,yes,furnished,595475.0
2313.0,4,4.0,1,Downtown,41,1.0,no,furnished,581383.0
1927.0,3,3.0,1,Downtown,46,2.0,yes,semi-furnished,505738.0
1859.0,2,1.0,1,Suburban,32,1.0,yes,semi-furnished,344789.0
1797.0,3,3.0,1,Rural,9,0.0,yes,furnished,330852.0
2009.0,3,3.0,3,Suburban,51,1.0,yes,semi-furnished,419400.0
1779.0,2,1.0,3,Rural,21,1.0,yes,furnished,348713.0
3330.0,2,1.0,2,Rural,30,1.0,yes,semi-furnished,450500.0
1783.0,5,5.0,2,Midtown,21,1.0,yes,semi-furnished,451454.0
1990.0,3,1.0,2,Midtown,60,0.0,yes,semi-furnished,449593.0
1792.0,4,3.0,1,Rural,50,2.0,yes,semi-furnished,300104.0
1707.0,4,3.0,1,Waterfront,49,0.0,yes,unfurnished,494851.0
1861.0,2,,2,Suburban,21,2.0,yes,,424402.0
1126.0,4,4.0,3,Suburban,22,1.0,no,semi-furnished,334357.0
1585.0,1,1.0,1,Downtown,26,0.0,yes,unfurnished,299062.0
2021.0,2,2.0,1,Midtown,16,1.0,yes,semi-furnished,461467.0
1822.0,2,1.0,1,Midtown,4,2.0,no,semi-furnished,461476.0
1181.0,3,2.0,2,Suburban,53,1.0,no,furnished,297993.0
1130.0,2,1.0,1,Downtown,37,1.0,yes,semi-furnished,280735.0
3267.0,2,2.0,1,Midtown,35,2.0,no,unfurnished,635510.0
2069.0,4,4.0,1,Midtown,2,3.0,yes,semi-furnished,546942.0
1637.0,3,2.0,2,Suburban,21,2.0,yes,unfurnished,1828478.158398381
1758.0,4,4.0,2,Midtown,60,0.0,yes,furnished,425895.0
2586.0,3,3.0,1,Midtown,55,1.0,yes,semi-furnished,567039.0
1474.0,3,2.0,1,Waterfront,8,1.0,yes,furnished,513912.0
1802.0,3,3.0,2,Downtown,9,2.0,yes,semi-furnished,517413.0
950.0,3,3.0,1,Waterfront,14,3.0,no,furnished,414013.0
1320.0,3,3.0,1,Downtown,37,1.0,no,furnished,378405.0
1903.0,2,2.0,2,Waterfront,39,0.0,yes,semi-furnished,549343.0
2026.0,3,2.0,3,Rural,25,3.0,yes,semi-furnished,386955.0
1500.0,4,4.0,2,Downtown,26,1.0,yes,furnished,483924.0
1179.0,3,3.0,1,Suburban,28,1.0,yes,furnished,265627.0
2322.0,3,2.0,1,Waterfront,30,2.0,yes,furnished,655750.0
1244.0,3,2.0,2,Suburban,48,3.0,no,semi-furnished,282266.0
1808.0,5,4.0,2,Rural,44,1.0,yes,furnished,342202.0
512.0,4,4.0,2,Rural,16,2.0,no,furnished,198140.0
1941.0,1,1.0,1,Waterfront,38,1.0,yes,semi-furnished,498501.0
2179.0,2,1.0,3,Downtown,42,1.0,yes,semi-furnished,534494.0
1866.0,2,1.0,3,Waterfront,32,1.0,yes,unfurnished,2336070.2130514868
1483.0,3,3.0,1,Suburban,42,3.0,yes,semi-furnished,353273.0
1599.0,1,1.0,1,Suburban,20,0.0,no,semi-furnished,326455.0
1273.0,3,2.0,3,Suburban,16,3.0,yes,semi-furnished,325043.0
1252.0,2,1.0,2,Rural,57,2.0,yes,unfurnished,199767.0
450.0,1,1.0,2,Suburban,5,1.0,no,unfurnished,171627.0
2691.0,4,3.0,3,Waterfront,3,2.0,yes,unfurnished,873359.0
1281.0,4,4.0,1,Downtown,36,1.0,yes,semi-furnished,418717.0
1289.0,3,3.0,2,Downtown,32,1.0,yes,unfurnished,403320.0
11810.0,4,4.0,3,Suburban,52,1.0,yes,semi-furnished,436367.0
2832.0,4,4.0,1,Downtown,21,2.0,yes,semi-furnished,765711.0
2879.0,4,,3,Waterfront,29,1.0,yes,semi-furnished,805906.0
2332.0,2,2.0,1,Suburban,5,2.0,no,semi-furnished,452444.0
1055.0,4,4.0,2,Downtown,56,3.0,no,semi-furnished,353460.0
1470.0,2,1.0,3,Waterfront,56,1.0,yes,semi-furnished,461181.0
1919.0,5,4.0,1,Suburban,58,1.0,yes,semi-furnished,406073.0
2019.0,4,4.0,3,Suburban,43,0.0,yes,semi-furnished,434835.0
1300.0,3,2.0,2,Suburban,28,1.0,no,furnished,302928.0
3252.0,3,3.0,1,Suburban,57,2.0,no,semi-furnished,595318.0
1201.0,2,2.0,2,Downtown,39,2.0,yes,furnished,323175.0
1464.0,3,2.0,1,Suburban,14,1.0,yes,furnished,358416.0
450.0,3,3.0,1,Waterfront,19,0.0,yes,unfurnished,221763.0
2524.0,4,3.0,2,Suburban,27,1.0,no,furnished,504649.0
855.0,3,3.0,3,Midtown,21,3.0,no,furnished,322586.0
2186.0,4,2.0,2,Waterfront,52,2.0,no,unfurnished,589179.0
2084.0,2,2.0,1,Midtown,10,1.0,no,furnished,469140.0
1735.0,2,1.0,1,Midtown,38,1.0,yes,semi-furnished,390039.0
1403.0,3,3.0,3,Suburban,11,2.0,no,semi-furnished,360452.0
,3,1.0,2,Rural,29,1.0,yes,semi-furnished,343409.0
2392.0,4,3.0,4,Suburban,35,2.0,yes,semi-furnished,514660.0
840.0,2,2.0,1,Midtown,35,2.0,yes,unfurnished,246320.0
1943.0,2,1.0,3,Downtown,22,1.0,yes,semi-furnished,462392.0
1221.0,1,1.0,1,Downtown,29,0.0,yes,unfurnished,336770.0
1634.0,2,1.0,1,Downtown,29,3.0,no,furnished,388222.0
2202.0,5,5.0,4,Downtown,43,1.0,yes,unfurnished,625426.0
1648.0,3,1.0,3,Midtown,2,1.0,yes,furnished,475830.0
3002.0,4,3.0,2,Downtown,33,3.0,yes,furnished,761661.0
2271.0,5,,2,Midtown,39,1.0,no,semi-furnished,530430.0
2506.0,2,2.0,1,Suburban,6,1.0,no,unfurnished,464981.0
450.0,4,3.0,1,Rural,22,1.0,yes,semi-furnished,208815.0
665.0,3,3.0,2,Suburban,15,0.0,yes,furnished,222694.0
1978.0,3,2.0,1,Downtown,4,3.0,yes,semi-furnished,550958.0
1902.0,2,2.0,2,Rural,19,1.0,yes,furnished,316396.0
1654.0,3,2.0,2,Suburban,50,3.0,no,semi-furnished,365355.0
760.0,2,2.0,1,Downtown,1,2.0,yes,furnished,313063.0
2689.0,3,2.0,2,Midtown,34,2.0,yes,semi-furnished,553748.0
1179.0,3,3.0,1,Suburban,28,1.0,yes,furnished,265627.0
2219.0,1,1.0,1,Midtown,28,0.0,yes,semi-furnished,430566.0
701.0,3,3.0,3,Rural,39,0.0,no,semi-furnished,199495.0
2220.0,4,4.0,1,Suburban,26,2.0,no,semi-furnished,510320.0
2145.0,2,2.0,2,Downtown,24,2.0,yes,furnished,590345.0
1674.0,5,5.0,1,Suburban,1,3.0,no,furnished,513966.0
3046.0,1,1.0,2,Rural,4,2.0,yes,furnished,475703.0
1573.0,3,2.0,3,Rural,51,1.0,yes,furnished,292198.0
1349.0,3,3.0,1,Downtown,5,1.0,no,unfurnished,388776.0
2917.0,3,2.0,2,Downtown,36,3.0,yes,semi-furnished,738202.0
1410.0,3,2.0,2,Downtown,36,0.0,no,semi-furnished,335697.0
2038.0,4,4.0,3,Suburban,28,2.0,no,unfurnished,525563.0
1981.0,5,4.0,1,Suburban,49,1.0,yes,semi-furnished,466650.0
1653.0,4,4.0,1,Midtown,44,3.0,yes,semi-furnished,417821.0
2503.0,5,4.0,1,Suburban,25,2.0,yes,furnished,542676.0
2692.0,5,5.0,3,Suburban,47,1.0,yes,semi-furnished,595793.0
2282.0,4,3.0,2,Downtown,19,2.0,yes,semi-furnished,598010.0
2595.0,3,3.0,1,Downtown,18,2.0,no,semi-furnished,645547.0
2267.0,3,2.0,3,Rural,35,1.0,yes,semi-furnished,358689.0
1686.0,2,2.0,1,Suburban,3,2.0,yes,semi-furnished,361084.0
2288.0,1,1.0,1,Midtown,32,0.0,yes,semi-furnished,477410.0
2250.0,5,5.0,4,Midtown,57,3.0,yes,semi-furnished,547866.0
1518.0,3,2.0,3,Rural,40,0.0,no,unfurnished,282829.0
1974.0,2,2.0,2,Suburban,55,0.0,yes,unfurnished,369464.0
2408.0,4,4.0,2,Downtown,23,1.0,yes,semi-furnished,631711.0
1831.0,3,2.0,2,Midtown,40,3.0,yes,furnished,432722.0
1575.0,4,4.0,2,Downtown,20,1.0,yes,semi-furnished,510480.0
1106.0,3,2.0,2,Rural,27,1.0,no,semi-furnished,243804.0
2012.0,3,2.0,3,Downtown,45,1.0,yes,furnished,535340.0
1511.0,4,4.0,2,Waterfront,6,2.0,yes,semi-furnished,558671.0
3058.0,5,5.0,1,Midtown,12,3.0,yes,furnished,757320.0
1191.0,3,3.0,3,Midtown,5,2.0,yes,unfurnished,369108.0
1945.0,2,1.0,2,Suburban,49,3.0,yes,unfurnished,393451.0
932.0,2,2.0,1,Rural,3,1.0,yes,furnished,241557.0
957.0,4,3.0,1,Waterfront,46,1.0,no,unfurnished,332491.0
1945.0,4,3.0,1,Rural,35,0.0,yes,unfurnished,361791.0
1033.0,3,3.0,2,Suburban,59,0.0,yes,unfurnished,210957.0
1801.0,4,4.0,1,Suburban,57,3.0,no,semi-furnished,378528.0
1865.0,3,2.0,2,Downtown,28,1.0,yes,semi-furnished,470748.0
450.0,4,4.0,2,Downtown,55,2.0,yes,semi-furnished,272350.0
2327.0,3,3.0,1,Midtown,26,1.0,yes,furnished,528044.0
2004.0,3,,1,Midtown,56,2.0,yes,unfurnished,461065.0
1517.0,1,1.0,2,Suburban,49,1.0,no,furnished,277625.0
778.0,4,2.0,2,Downtown,59,3.0,yes,semi-furnished,278444.0
1110.0,5,4.0,3,Waterfront,12,0.0,yes,unfurnished,436422.0
714.0,4,4.0,1,Suburban,57,1.0,no,semi-furnished,218259.0
1556.0,3,1.0,3,Suburban,2,3.0,no,semi-furnished,386390.0
1704.0,4,4.0,1,Waterfront,16,2.0,yes,furnished,583605.0
2350.0,3,1.0,1,Downtown,42,2.0,no,semi-furnished,601169.0
949.0,4,4.0,1,Midtown,16,3.0,yes,semi-furnished,343935.0
1786.0,1,1.0,2,Suburban,30,2.0,yes,semi-furnished,323965.0
974.0,4,3.0,3,Waterfront,53,3.0,yes,semi-furnished,389650.0
2482.0,1,1.0,2,Downtown,12,1.0,no,semi-furnished,558736.0
1365.0,3,3.0,1,Waterfront,21,0.0,no,furnished,424860.0
1566.0,3,2.0,2,Suburban,30,2.0,yes,semi-furnished,365862.0
1698.0,3,3.0,2,Downtown,23,2.0,yes,furnished,487654.0
979.0,1,1.0,2,Midtown,16,2.0,yes,unfurnished,293084.0
1721.0,4,3.0,1,Rural,60,1.0,yes,semi-furnished,318364.0
2237.0,3,3.0,2,Waterfront,30,2.0,yes,semi-furnished,704438.0
2671.0,1,1.0,1,Midtown,42,1.0,yes,semi-furnished,543663.0
2019.0,2,2.0,1,Rural,35,3.0,yes,semi-furnished,342604.0
2684.0,4,3.0,1,Waterfront,35,1.0,no,unfurnished,736728.0
1700.0,2,2.0,1,Downtown,16,1.0,yes,semi-furnished,452980.0
1571.0,2,2.0,3,Suburban,2,1.0,yes,unfurnished,392204.0
1936.0,3,3.0,1,Midtown,46,1.0,yes,unfurnished,413899.0
2207.0,2,1.0,2,Suburban,50,3.0,no,semi-furnished,442007.0
1388.0,3,1.0,2,Suburban,37,2.0,no,semi-furnished,295301.0
2861.0,3,3.0,2,Downtown,8,2.0,yes,furnished,721266.0
1025.0,3,2.0,2,Waterfront,38,1.0,no,semi-furnished,324687.0
1553.0,4,2.0,3,Waterfront,50,1.0,yes,furnished,493471.0
1443.0,3,3.0,2,Rural,11,2.0,yes,furnished,324863.0
2047.0,2,1.0,1,Rural,26,3.0,no,unfurnished,292835.0
1665.0,1,1.0,3,Suburban,35,1.0,yes,furnished,343409.0
1858.0,3,2.0,2,Downtown,22,2.0,yes,semi-furnished,512148.0
935.0,4,3.0,1,Midtown,24,1.0,yes,unfurnished,262269.0
1531.0,2,2.0,2,Suburban,4,1.0,yes,unfurnished,343621.0
1971.0,4,4.0,1,Midtown,7,2.0,yes,unfurnished,501156.0
1855.0,3,3.0,1,Rural,10,1.0,yes,semi-furnished,342048.0
2190.0,2,1.0,1,Suburban,39,2.0,no,semi-furnished,413174.0
2057.0,2,1.0,3,Midtown,14,3.0,yes,furnished,489052.0
2320.0,5,4.0,4,Midtown,35,1.0,no,semi-furnished,522686.0
2380.0,2,2.0,1,Suburban,59,3.0,yes,unfurnished,473323.0
1165.0,2,1.0,3,Downtown,13,2.0,yes,semi-furnished,357069.0
1063.0,2,2.0,2,Suburban,19,3.0,yes,furnished,256604.0
1841.0,4,4.0,2,Midtown,8,3.0,no,unfurnished,515760.0
1445.0,2,1.0,1,Midtown,38,0.0,no,unfurnished,295045.0
1556.0,2,1.0,2,Downtown,44,2.0,no,semi-furnished,395957.0
1941.0,2,1.0,3,Downtown,51,1.0,yes,furnished,431004.0
,3,2.0,1,Midtown,35,0.0,yes,furnished,321189.0
2902.0,5,4.0,3,Waterfront,7,0.0,yes,unfurnished,874856.0
1507.0,4,4.0,2,Suburban,6,3.0,yes,furnished,443410.0
1157.0,2,1.0,2,Rural,58,2.0,yes,furnished,202767.0
1361.0,5,5.0,1,Rural,38,0.0,no,unfurnished,257759.0
920.0,2,2.0,2,Waterfront,34,0.0,yes,semi-furnished,297874.0
974.0,2,2.0,2,Suburban,46,0.0,yes,unfurnished,199295.0
535.0,3,3.0,3,Downtown,5,2.0,yes,semi-furnished,278232.0
1949.0,5,4.0,1,Downtown,6,3.0,yes,unfurnished,556680.0
1426.0,1,1.0,2,Suburban,60,3.0,yes,semi-furnished,293658.0
1407.0,4,2.0,3,Downtown,43,1.0,yes,semi-furnished,351214.0
1714.0,1,1.0,2,Downtown,36,3.0,no,unfurnished,423582.0
2001.0,2,2.0,1,Downtown,14,1.0,yes,furnished,529933.0
2150.0,3,2.0,1,Suburban,46,1.0,yes,semi-furnished,386916.0
1176.0,3,3.0,2,Rural,35,1.0,no,furnished,193005.0
1427.0,3,3.0,4,Suburban,20,1.0,no,furnished,322760.0
2118.0,2,2.0,2,Downtown,30,1.0,yes,semi-furnished,515139.0
912.0,2,2.0,1,Rural,12,2.0,yes,semi-furnished,204471.0
1807.0,1,1.0,1,Midtown,39,2.0,yes,unfurnished,415494.0
1518.0,4,4.0,1,Rural,48,2.0,yes,semi-furnished,285750.0
1759.0,3,3.0,2,Midtown,11,2.0,yes,unfurnished,453645.0
2229.0,3,2.0,2,Downtown,16,1.0,no,semi-furnished,626959.0
2846.0,3,3.0,3,Midtown,28,2.0,no,furnished,656354.0
1974.0,4,4.0,3,Downtown,47,2.0,yes,unfurnished,580734.0
1199.0,5,4.0,1,Rural,14,3.0,yes,unfurnished,325370.0
764.0,4,4.0,2,Rural,59,3.0,no,unfurnished,210608.0
3359.0,3,2.0,2,Downtown,3,1.0,yes,furnished,862323.0
2350.0,2,1.0,3,Suburban,2,2.0,yes,semi-furnished,462783.0
1573.0,4,4.0,1,Suburban,41,2.0,yes,semi-furnished,373292.0
1804.0,3,2.0,2,Suburban,25,3.0,no,furnished,366079.0
1288.0,2,1.0,2,Midtown,5,2.0,yes,semi-furnished,334574.0
954.0,1,1.0,3,Downtown,20,2.0,yes,semi-furnished,263498.0
1893.0,1,1.0,2,Suburban,47,3.0,yes,furnished,353756.0
987.0,4,4.0,2,Suburban,18,2.0,yes,furnished,347192.0
1978.0,1,1.0,1,Downtown,43,2.0,yes,unfurnished,463724.0
1692.0,2,1.0,1,Suburban,51,2.0,yes,semi-furnished,371129.0
1355.0,5,5.0,2,Waterfront,13,0.0,yes,furnished,531524.0
1648.0,3,2.0,1,Suburban,27,0.0,yes,semi-furnished,348352.0
2170.0,2,2.0,1,Waterfront,18,1.0,no,furnished,588674.0
598.0,4,3.0,2,Suburban,27,1.0,no,unfurnished,222156.0
1958.0,3,3.0,1,Downtown,37,1.0,yes,semi-furnished,569181.0
2076.0,4,4.0,1,Downtown,35,2.0,yes,furnished,572945.0
2043.0,3,2.0,2,Midtown,19,1.0,yes,semi-furnished,484687.0
2678.0,4,4.0,3,Waterfront,16,1.0,yes,unfurnished,862705.0
1760.0,2,1.0,1,Suburban,11,2.0,yes,furnished,346293.0
2683.0,3,3.0,2,Suburban,1,2.0,yes,semi-furnished,577226.0
1871.0,5,4.0,2,Suburban,45,1.0,no,unfurnished,462557.0
2359.0,2,1.0,1,Midtown,26,3.0,yes,unfurnished,466756.0
1453.0,3,3.0,2,Rural,53,0.0,no,furnished,223247.0
1940.0,2,1.0,2,Midtown,42,2.0,no,furnished,438111.0
,2,2.0,4,Suburban,25,2.0,yes,furnished,492674.0
1407.0,4,4.0,3,Waterfront,15,1.0,yes,semi-furnished,504898.0
1384.0,4,4.0,2,Suburban,46,1.0,yes,semi-furnished,397950.0
2152.0,3,2.0,3,Rural,14,0.0,yes,furnished,375688.0
1481.0,3,3.0,3,Suburban,53,1.0,yes,semi-furnished,373054.0
1600.0,3,3.0,1,Downtown,37,2.0,yes,semi-furnished,484211.0
1945.0,2,2.0,2,Rural,30,,yes,unfurnished,282211.0
861.0,3,3.0,4,Waterfront,27,2.0,yes,semi-furnished,383583.0
2049.0,4,2.0,3,Downtown,37,1.0,yes,furnished,524190.0
2097.0,2,1.0,2,Rural,52,1.0,no,semi-furnished,334168.0
807.0,5,5.0,1,Suburban,2,1.0,yes,semi-furnished,345818.0
1838.0,3,3.0,1,Suburban,48,3.0,no,semi-furnished,326658.0
3169.0,3,3.0,4,Waterfront,44,1.0,yes,furnished,882271.0
2430.0,3,3.0,2,Suburban,60,3.0,no,furnished,432789.0
1484.0,3,3.0,4,Midtown,52,2.0,no,semi-furnished,358187.0
1765.0,4,3.0,2,Suburban,3,1.0,no,unfurnished,423793.0
1702.0,4,4.0,2,Rural,27,0.0,yes,semi-furnished,343323.0
2283.0,3,3.0,3,Downtown,17,1.0,yes,unfurnished,592335.0
1324.0,3,3.0,1,Suburban,58,1.0,no,furnished,244492.0
,3,3.0,1,Suburban,47,0.0,yes,furnished,320172.0
2513.0,2,1.0,1,Waterfront,1,0.0,yes,semi-furnished,668281.0
1789.0,5,5.0,1,Suburban,53,1.0,no,semi-furnished,391563.0
2328.0,2,1.0,1,Rural,28,1.0,yes,semi-furnished,329143.0
1716.0,3,2.0,2,Rural,58,2.0,yes,furnished,282981.0
2200.0,3,3.0,1,Downtown,52,2.0,yes,semi-furnished,523070.0
2356.0,3,2.0,2,Rural,59,1.0,yes,semi-furnished,359150.0
746.0,4,4.0,1,Suburban,47,1.0,yes,furnished,256375.0
450.0,3,2.0,1,Rural,16,0.0,no,semi-furnished,156124.0
1892.0,5,5.0,1,Midtown,44,2.0,yes,unfurnished,482654.0
1214.0,2,1.0,2,Waterfront,19,2.0,no,unfurnished,358833.0
2068.0,4,4.0,1,Midtown,58,1.0,yes,furnished,494305.0
2810.0,3,2.0,2,Waterfront,43,2.0,no,semi-furnished,796358.0
1408.0,5,5.0,1,Waterfront,6,0.0,yes,semi-furnished,518628.0
2260.0,3,3.0,3,Midtown,32,2.0,yes,unfurnished,515824.0
1244.0,4,3.0,1,Downtown,26,2.0,no,unfurnished,381960.0
1614.0,3,2.0,1,Suburban,25,2.0,yes,furnished,370402.0
2183.0,3,3.0,1,Suburban,41,0.0,yes,semi-furnished,417485.0
2251.0,3,2.0,3,Downtown,30,1.0,no,unfurnished,530486.0
1922.0,3,2.0,1,Midtown,23,2.0,yes,semi-furnished,495644.0
864.0,3,2.0,2,Downtown,15,2.0,no,semi-furnished,292630.0
2602.0,2,2.0,2,Downtown,15,1.0,no,semi-furnished,619763.0
1191.0,5,5.0,1,Suburban,7,1.0,no,semi-furnished,415937.0
2601.0,3,1.0,1,Suburban,57,1.0,yes,unfurnished,441814.0
1879.0,5,5.0,2,Rural,9,3.0,yes,furnished,500787.0
,4,4.0,2,Waterfront,46,0.0,no,furnished,252896.0
1437.0,2,2.0,2,Waterfront,6,0.0,no,furnished,446916.0
1721.0,4,3.0,2,Suburban,48,1.0,yes,semi-furnished,428182.0
1994.0,3,2.0,3,Midtown,43,1.0,no,semi-furnished,428711.0
1500.0,5,5.0,2,Downtown,28,2.0,yes,semi-furnished,510453.0
1067.0,2,2.0,1,Rural,52,1.0,yes,,165750.0
1263.0,4,4.0,2,Rural,11,2.0,no,semi-furnished,315325.0
2277.0,1,1.0,3,Suburban,14,3.0,no,semi-furnished,448878.0
2673.0,3,2.0,2,Waterfront,36,3.0,yes,semi-furnished,745216.0
911.0,5,4.0,1,Midtown,30,1.0,yes,semi-furnished,330398.0
1006.0,3,2.0,1,Waterfront,51,1.0,no,furnished,353914.0
735.0,4,3.0,3,Downtown,43,1.0,yes,furnished,301710.0
1878.0,2,1.0,2,Suburban,32,2.0,no,unfurnished,349087.0
2612.0,3,2.0,2,Midtown,23,2.0,yes,semi-furnished,520772.0
2168.0,4,3.0,3,Rural,15,3.0,yes,semi-furnished,437899.0
1115.0,1,1.0,2,Waterfront,45,2.0,yes,unfurnished,266718.0
1646.0,3,2.0,2,Waterfront,29,3.0,yes,furnished,558685.0
2063.0,3,3.0,3,Midtown,37,2.0,yes,unfurnished,477305.0
1799.0,4,4.0,1,Suburban,20,1.0,yes,semi-furnished,390840.0
1601.0,4,3.0,1,Midtown,42,2.0,yes,unfurnished,389478.0
1729.0,3,3.0,2,Suburban,2,2.0,yes,unfurnished,410403.0
450.0,3,2.0,3,Downtown,5,1.0,no,semi-furnished,215227.0
1395.0,4,3.0,1,Suburban,44,2.0,yes,unfurnished,320446.0
1448.0,4,4.0,2,Rural,0,2.0,yes,semi-furnished,350224.0
1532.0,3,3.0,2,Downtown,19,2.0,yes,semi-furnished,474674.0
1536.0,3,3.0,4,Midtown,55,2.0,yes,unfurnished,405436.0
2767.0,1,1.0,4,Suburban,45,1.0,yes,semi-furnished,445106.0
1695.0,3,2.0,2,Downtown,21,2.0,yes,semi-furnished,531572.0
1541.0,4,3.0,3,Suburban,44,3.0,no,unfurnished,344353.0
1609.0,2,2.0,2,Suburban,51,1.0,yes,,283443.0
599.0,2,1.0,1,Suburban,25,0.0,no,furnished,135810.0
,4,2.0,4,Rural,22,0.0,yes,unfurnished,285382.0
1658.0,2,2.0,1,Rural,7,2.0,yes,unfurnished,296807.0
2998.0,3,2.0,1,Midtown,31,0.0,no,semi-furnished,594226.0
1555.0,3,2.0,2,Suburban,55,1.0,no,unfurnished,321736.0
2088.0,2,1.0,1,Suburban,57,2.0,yes,semi-furnished,378261.0
1764.0,3,3.0,4,Suburban,16,2.0,no,semi-furnished,436580.0
2087.0,1,1.0,1,Downtown,38,2.0,yes,,493419.0
,4,2.0,1,Waterfront,23,1.0,yes,unfurnished,605494.0
2052.0,5,4.0,1,Midtown,17,1.0,yes,furnished,514969.0
2680.0,3,3.0,2,Rural,21,3.0,no,unfurnished,469856.0
1674.0,5,5.0,3,Downtown,28,1.0,no,furnished,545847.0
1647.0,5,5.0,1,Suburban,55,0.0,no,semi-furnished,410701.0
1649.0,3,1.0,2,Suburban,5,2.0,yes,semi-furnished,420200.0
966.0,2,1.0,3,Waterfront,16,3.0,yes,furnished,403922.0
1179.0,3,3.0,2,Downtown,53,1.0,no,furnished,340789.0
851.0,4,4.0,2,Suburban,55,2.0,yes,unfurnished,278473.0
1624.0,2,2.0,2,Downtown,4,1.0,yes,semi-furnished,495060.0
1536.0,3,2.0,3,Midtown,17,2.0,yes,unfurnished,427314.0
1952.0,2,2.0,2,Suburban,15,1.0,no,semi-furnished,421750.0
2381.0,1,1.0,3,Downtown,33,1.0,yes,unfurnished,552585.0
1316.0,3,3.0,1,Waterfront,25,1.0,yes,furnished,427113.0
2000.0,4,4.0,2,Rural,10,2.0,yes,semi-furnished,392004.0
3197.0,2,2.0,3,Suburban,19,1.0,no,semi-furnished,638055.0
,5,5.0,2,Suburban,24,3.0,yes,semi-furnished,1666901.8726864387
944.0,1,1.0,3,Downtown,3,2.0,yes,semi-furnished,324167.0
1996.0,1,1.0,1,Suburban,4,2.0,no,furnished,350398.0
862.0,2,1.0,2,Midtown,38,2.0,yes,semi-furnished,211471.0
2378.0,4,4.0,2,Waterfront,2,1.0,yes,unfurnished,745317.0
1819.0,2,1.0,3,Suburban,47,2.0,yes,unfurnished,295041.0
1097.0,3,3.0,2,Downtown,17,1.0,yes,,379567.0
2394.0,2,1.0,1,Midtown,58,1.0,no,furnished,464411.0
1730.0,2,2.0,4,Midtown,60,2.0,no,furnished,426087.0
976.0,4,3.0,1,Suburban,3,2.0,yes,furnished,291342.0
1840.0,3,2.0,1,Midtown,50,1.0,yes,unfurnished,383723.0
2068.0,3,2.0,1,Suburban,19,1.0,yes,semi-furnished,402107.0
1657.0,3,1.0,2,Suburban,40,3.0,yes,furnished,394774.0
1821.0,2,1.0,2,Rural,13,2.0,yes,furnished,282058.0
1133.0,4,4.0,3,Downtown,6,3.0,yes,furnished,429765.0
1946.0,3,,2,Suburban,41,0.0,no,furnished,392780.0
2998.0,4,4.0,1,Waterfront,57,1.0,no,furnished,840763.0
2198.0,3,3.0,1,Suburban,42,3.0,no,furnished,430714.0
1176.0,3,3.0,1,Waterfront,47,1.0,yes,unfurnished,393858.0
1556.0,2,1.0,1,Downtown,34,2.0,no,semi-furnished,390640.0
2416.0,3,2.0,3,Suburban,14,2.0,yes,furnished,565613.0
1053.0,2,1.0,3,Rural,39,1.0,yes,furnished,194002.0
3548.0,3,2.0,3,Suburban,36,3.0,yes,unfurnished,645169.0
2513.0,2,1.0,1,Waterfront,1,0.0,yes,semi-furnished,668281.0
2929.0,4,4.0,3,Rural,35,0.0,yes,furnished,451712.0
1854.0,2,2.0,2,Midtown,12,1.0,no,furnished,392520.0
2565.0,4,3.0,1,Rural,60,1.0,yes,semi-furnished,369328.0
1022.0,5,4.0,2,Downtown,10,2.0,no,unfurnished,392343.0
2238.0,4,4.0,1,Suburban,34,3.0,yes,furnished,500031.0
1997.0,4,3.0,1,Suburban,37,1.0,yes,furnished,438636.0
1034.0,3,3.0,2,Midtown,9,2.0,yes,furnished,342007.0
1247.0,4,3.0,4,Midtown,7,1.0,yes,semi-furnished,380691.0
2081.0,2,1.0,2,Midtown,35,1.0,yes,semi-furnished,483721.0
2621.0,3,2.0,2,Midtown,5,1.0,yes,semi-furnished,607683.0
984.0,2,2.0,3,Suburban,59,1.0,yes,furnished,245658.0
1823.0,3,3.0,2,Waterfront,15,3.0,no,semi-furnished,569822.0
1260.0,3,2.0,3,Suburban,51,2.0,yes,unfurnished,308770.0
898.0,5,5.0,2,Rural,56,0.0,yes,furnished,263482.0
1752.0,1,1.0,2,Midtown,25,3.0,yes,furnished,335709.0
2364.0,2,2.0,2,Downtown,0,2.0,yes,semi-furnished,623099.0
730.0,3,3.0,2,Waterfront,40,3.0,no,semi-furnished,284973.0
2962.0,2,1.0,2,Downtown,1,3.0,yes,semi-furnished,699071.0
1686.0,5,5.0,3,Rural,30,2.0,yes,semi-furnished,371333.0
1019.0,3,1.0,1,Suburban,47,,yes,unfurnished,224886.0
1323.0,4,3.0,1,Waterfront,49,0.0,no,semi-furnished,431083.0
1195.0,3,3.0,2,Rural,9,1.0,no,unfurnished,252700.0
1466.0,3,2.0,1,Waterfront,47,1.0,yes,unfurnished,432437.0
2190.0,4,4.0,1,Suburban,54,2.0,yes,unfurnished,458418.0
1949.0,4,4.0,2,Downtown,19,1.0,yes,semi-furnished,555474.0
745.0,2,2.0,3,Downtown,0,1.0,no,furnished,336296.0
1988.0,4,3.0,1,Rural,2,1.0,yes,unfurnished,359068.0
1373.0,2,1.0,1,Downtown,45,0.0,yes,semi-furnished,361306.0
1432.0,3,2.0,2,Suburban,45,2.0,yes,semi-furnished,331647.0
2035.0,2,2.0,1,Midtown,30,2.0,yes,semi-furnished,472757.0
450.0,5,4.0,2,Rural,16,2.0,yes,furnished,272975.0
1866.0,3,1.0,1,Suburban,37,1.0,no,furnished,373816.0
1251.0,4,4.0,1,Suburban,5,1.0,yes,,391015.0
1106.0,1,1.0,1,Waterfront,26,2.0,yes,semi-furnished,336917.0
1091.0,3,3.0,2,Waterfront,51,1.0,yes,furnished,384339.0
1930.0,1,1.0,1,Waterfront,13,2.0,no,semi-furnished,553404.0
859.0,2,1.0,2,Waterfront,22,1.0,yes,semi-furnished,348393.0
1677.0,3,2.0,2,Suburban,13,2.0,no,semi-furnished,421891.0
2297.0,4,4.0,1,Suburban,36,1.0,yes,furnished,483480.0
2017.0,4,3.0,1,Midtown,27,1.0,yes,unfurnished,497413.0
1093.0,2,1.0,1,Downtown,60,0.0,yes,furnished,271106.0
1819.0,2,1.0,2,Downtown,26,1.0,yes,semi-furnished,463650.0
1744.0,1,,1,Suburban,45,2.0,yes,unfurnished,293273.0
11742.0,3,3.0,3,Downtown,60,2.0,no,semi-furnished,567794.0
1267.0,4,3.0,1,Downtown,28,2.0,no,unfurnished,365546.0
3021.0,2,2.0,2,Suburban,32,0.0,no,semi-furnished,551110.0
1031.0,3,2.0,3,Suburban,34,0.0,no,semi-furnished,264018.0
2662.0,3,1.0,1,Suburban,11,1.0,no,semi-furnished,454794.0
1486.0,2,2.0,1,Downtown,51,0.0,yes,unfurnished,353829.0
450.0,3,3.0,3,Rural,0,3.0,yes,semi-furnished,268750.0
2190.0,2,1.0,1,Suburban,39,2.0,no,semi-furnished,413174.0
673.0,3,3.0,2,Downtown,54,1.0,no,semi-furnished,203038.0
2926.0,1,1.0,2,Downtown,17,0.0,no,semi-furnished,679335.0
2831.0,4,3.0,3,Suburban,30,1.0,yes,furnished,596259.0
2070.0,3,3.0,4,Midtown,16,1.0,yes,semi-furnished,523927.0
2378.0,3,2.0,1,Waterfront,7,1.0,no,semi-furnished,720150.0
1254.0,2,2.0,2,Rural,12,1.0,yes,furnished,261054.0
1591.0,5,5.0,3,Suburban,1,1.0,yes,semi-furnished,489707.0
2076.0,4,4.0,1,Waterfront,25,1.0,yes,unfurnished,691099.0
2018.0,2,1.0,2,Suburban,15,3.0,no,furnished,456646.0
1395.0,4,4.0,1,Downtown,12,1.0,no,unfurnished,398623.0
1004.0,2,1.0,2,Rural,39,3.0,no,semi-furnished,199271.0
2020.0,1,1.0,1,Suburban,22,0.0,yes,furnished,429923.0
2007.0,4,3.0,3,Downtown,42,2.0,yes,furnished,577607.0
1477.0,5,4.0,2,Rural,4,3.0,yes,semi-furnished,397698.0
2170.0,3,2.0,1,Suburban,14,1.0,no,semi-furnished,477663.0
1700.0,3,3.0,1,Suburban,28,2.0,yes,semi-furnished,360153.0
2092.0,4,4.0,2,Suburban,34,1.0,yes,furnished,499710.0
837.0,3,3.0,1,Rural,2,1.0,no,semi-furnished,227157.0
1742.0,4,3.0,2,Waterfront,32,1.0,no,semi-furnished,551635.0
2364.0,3,3.0,2,Rural,54,2.0,no,unfurnished,366355.0
2033.0,5,3.0,1,Waterfront,50,2.0,yes,semi-furnished,665265.0
1785.0,3,3.0,1,Downtown,15,1.0,no,furnished,485259.0
2767.0,3,3.0,2,Suburban,53,0.0,yes,semi-furnished,509107.0
1477.0,3,2.0,2,Suburban,32,1.0,yes,furnished,298251.0
2641.0,3,1.0,1,Rural,16,2.0,yes,semi-furnished,398309.0
2540.0,1,1.0,1,Midtown,49,1.0,yes,,478453.0
3056.0,2,1.0,3,Midtown,43,0.0,yes,furnished,555754.0
1638.0,4,4.0,2,Suburban,16,3.0,no,unfurnished,428810.0
2400.0,4,3.0,1,Waterfront,55,3.0,yes,semi-furnished,678968.0
1961.0,3,2.0,1,Suburban,37,0.0,yes,unfurnished,352409.0
2250.0,3,2.0,4,Suburban,48,2.0,yes,furnished,419368.0
1877.0,2,2.0,4,Suburban,50,,yes,semi-furnished,409813.0
2063.0,4,4.0,2,Downtown,25,1.0,no,furnished,608912.0
2290.0,3,2.0,1,Waterfront,31,1.0,yes,unfurnished,648246.0
777.0,3,3.0,1,Midtown,59,1.0,no,semi-furnished,222546.0
1715.0,4,4.0,1,Rural,48,1.0,yes,semi-furnished,318265.0
1443.0,3,3.0,2,Rural,11,2.0,yes,furnished,324863.0
2402.0,3,2.0,2,Midtown,19,1.0,yes,semi-furnished,521804.0
1653.0,1,1.0,1,Downtown,8,3.0,yes,furnished,433063.0
2019.0,1,1.0,1,Waterfront,13,1.0,yes,furnished,597803.0
2748.0,3,2.0,1,Waterfront,51,1.0,yes,furnished,726692.0
450.0,3,3.0,3,Rural,0,3.0,yes,semi-furnished,268750.0
1304.0,4,4.0,2,Suburban,8,1.0,yes,furnished,352221.0
2148.0,2,2.0,2,Midtown,50,2.0,yes,semi-furnished,482903.0
2479.0,4,4.0,3,Rural,32,1.0,no,semi-furnished,422562.0
2479.0,4,4.0,3,Rural,32,1.0,no,semi-furnished,422562.0
,4,4.0,2,Suburban,6,,yes,unfurnished,510337.0
1563.0,3,3.0,1,Midtown,1,,yes,semi-furnished,424198.0
2061.0,3,2.0,1,Rural,59,1.0,yes,semi-furnished,295840.0
1589.0,3,3.0,2,Suburban,51,1.0,yes,furnished,388255.0
1397.0,2,2.0,1,Midtown,56,1.0,yes,furnished,291089.0
1957.0,2,1.0,3,Waterfront,51,3.0,yes,unfurnished,519870.0
1934.0,3,3.0,3,Downtown,24,2.0,yes,semi-furnished,469238.0
1230.0,2,1.0,3,Suburban,8,3.0,yes,unfurnished,328793.0
2686.0,3,3.0,4,Downtown,15,1.0,yes,unfurnished,693508.0
1417.0,4,4.0,4,Suburban,13,0.0,yes,semi-furnished,376897.0
450.0,3,3.0,1,Waterfront,40,2.0,no,semi-furnished,167152.0
1509.0,4,4.0,2,Suburban,47,1.0,yes,semi-furnished,342945.0
1186.0,2,1.0,2,Suburban,32,2.0,yes,furnished,318068.0
450.0,1,1.0,1,Waterfront,49,2.0,no,unfurnished,147320.0
2788.0,3,3.0,1,Suburban,57,1.0,yes,semi-furnished,520618.0
1248.0,4,3.0,2,Suburban,43,0.0,yes,unfurnished,300985.0
1348.0,3,1.0,2,Waterfront,6,1.0,yes,unfurnished,444139.0
2142.0,3,2.0,2,Downtown,48,2.0,no,furnished,562453.0
1931.0,5,5.0,3,Suburban,9,1.0,yes,furnished,533484.0
1004.0,3,3.0,2,Downtown,2,0.0,yes,semi-furnished,348248.0
1685.0,2,2.0,1,Waterfront,30,2.0,no,unfurnished,490064.0
1059.0,3,1.0,1,Rural,4,1.0,yes,furnished,229506.0
1453.0,4,4.0,3,Suburban,9,3.0,no,semi-furnished,407519.0
1343.0,3,2.0,3,Midtown,22,1.0,yes,furnished,344867.0
2270.0,3,2.0,3,Rural,60,1.0,yes,semi-furnished,318216.0
2071.0,4,4.0,2,Rural,42,3.0,yes,semi-furnished,356493.0
2722.0,1,1.0,2,Suburban,2,2.0,yes,furnished,544243.0
1423.0,4,4.0,3,Midtown,55,2.0,yes,unfurnished,378466.0
1525.0,4,3.0,2,Midtown,36,0.0,yes,semi-furnished,374159.0
1604.0,4,4.0,1,Midtown,49,3.0,yes,furnished,449208.0
1832.0,4,4.0,2,Rural,35,1.0,yes,semi-furnished,379027.0
1598.0,4,4.0,3,Suburban,43,2.0,yes,unfurnished,336953.0
1630.0,3,3.0,1,Waterfront,8,1.0,yes,semi-furnished,522163.0
790.0,4,2.0,2,Waterfront,20,3.0,yes,furnished,342165.0
1842.0,3,,2,Midtown,19,0.0,no,semi-furnished,417485.0
1546.0,3,3.0,1,Downtown,31,1.0,yes,semi-furnished,450072.0
831.0,4,4.0,1,Suburban,19,2.0,yes,unfurnished,280371.0
1726.0,5,5.0,1,Suburban,20,1.0,yes,furnished,392347.0
1136.0,4,4.0,3,Rural,39,1.0,yes,furnished,287610.0
2088.0,5,5.0,2,Suburban,1,2.0,yes,unfurnished,516151.0
1331.0,4,2.0,2,Rural,7,2.0,yes,semi-furnished,339620.0
1711.0,1,1.0,3,Suburban,26,2.0,yes,unfurnished,375468.0
2777.0,1,1.0,1,Waterfront,58,1.0,yes,unfurnished,680182.0
1209.0,4,3.0,2,Suburban,15,2.0,no,semi-furnished,337058.0
1151.0,3,1.0,2,Downtown,31,0.0,yes,furnished,325644.0
1553.0,4,3.0,1,Suburban,20,1.0,no,furnished,345378.0
2384.0,4,4.0,2,Downtown,27,2.0,yes,semi-furnished,631864.0
2061.0,2,2.0,3,Suburban,44,1.0,yes,unfurnished,400250.0
1401.0,3,2.0,3,Downtown,53,1.0,no,semi-furnished,378682.0
1747.0,2,2.0,2,Rural,35,1.0,yes,semi-furnished,312992.0
570.0,4,4.0,1,Suburban,47,2.0,yes,semi-furnished,245690.0
1510.0,3,1.0,3,Waterfront,27,2.0,yes,semi-furnished,503610.0
926.0,5,4.0,2,Suburban,18,2.0,yes,semi-furnished,319889.0
1704.0,2,1.0,2,Downtown,58,3.0,no,unfurnished,429677.0
1555.0,3,3.0,2,Midtown,45,0.0,yes,furnished,410472.0
2118.0,2,1.0,2,Suburban,22,1.0,yes,semi-furnished,393384.0
1454.0,3,2.0,2,Midtown,32,2.0,yes,,363453.0
1953.0,3,2.0,1,Suburban,17,0.0,no,semi-furnished,400706.0
2464.0,3,2.0,2,Downtown,39,3.0,yes,furnished,619977.0
2303.0,3,3.0,1,Midtown,22,3.0,yes,furnished,604828.0
1734.0,5,5.0,3,Suburban,57,1.0,no,semi-furnished,415652.0
2074.0,2,2.0,1,Suburban,4,2.0,yes,furnished,490768.0
1852.0,1,1.0,2,Suburban,36,1.0,no,furnished,342347.0
1677.0,3,2.0,4,Suburban,37,0.0,no,semi-furnished,316164.0
1304.0,2,1.0,2,Suburban,9,3.0,no,furnished,301351.0
2313.0,1,1.0,1,Suburban,53,0.0,yes,semi-furnished,387220.0
1934.0,3,2.0,3,Downtown,23,,yes,semi-furnished,547261.0
1258.0,5,5.0,1,Downtown,41,1.0,yes,furnished,426626.0
3543.0,4,4.0,1,Downtown,17,3.0,yes,unfurnished,881766.0
2580.0,3,2.0,2,Suburban,29,1.0,no,semi-furnished,2033154.16280962
2440.0,2,1.0,2,Suburban,27,1.0,no,unfurnished,435419.0
2004.0,3,3.0,1,Rural,42,2.0,no,unfurnished,293752.0
1820.0,4,3.0,2,Midtown,4,1.0,yes,unfurnished,430389.0
1202.0,5,5.0,2,Suburban,21,1.0,no,semi-furnished,334916.0
1452.0,2,2.0,1,Suburban,18,3.0,yes,semi-furnished,374959.0
2284.0,2,2.0,2,Rural,39,2.0,yes,semi-furnished,369671.0
638.0,2,2.0,2,Midtown,47,1.0,yes,furnished,161677.0
981.0,1,1.0,2,Midtown,2,3.0,yes,unfurnished,314076.0
1586.0,3,1.0,2,Suburban,3,0.0,yes,semi-furnished,352856.0
2357.0,2,1.0,2,Suburban,50,2.0,no,,389114.0
1885.0,4,4.0,1,Suburban,39,1.0,yes,semi-furnished,423993.0
1572.0,3,3.0,2,Waterfront,23,2.0,yes,furnished,537704.0
2087.0,3,3.0,3,Rural,16,1.0,yes,furnished,395506.0
1701.0,3,3.0,1,Suburban,33,1.0,no,semi-furnished,395965.0
2318.0,2,2.0,1,Waterfront,13,2.0,yes,unfurnished,632075.0
1678.0,3,1.0,2,Suburban,30,1.0,no,semi-furnished,352955.0
1950.0,4,3.0,1,Suburban,36,1.0,yes,semi-furnished,396455.0
2427.0,2,1.0,1,Waterfront,19,0.0,no,semi-furnished,638148.0
2244.0,3,3.0,2,Waterfront,37,1.0,no,furnished,687756.0
1687.0,4,3.0,3,Suburban,58,1.0,yes,furnished,369556.0
1966.0,1,1.0,2,Rural,26,3.0,yes,semi-furnished,328549.0
1408.0,3,2.0,1,Rural,2,1.0,yes,unfurnished,251842.0
2138.0,4,4.0,3,Rural,23,1.0,yes,furnished,450862.0
2011.0,3,3.0,2,Rural,26,0.0,yes,unfurnished,341894.0
1168.0,3,2.0,1,Rural,11,1.0,yes,furnished,299705.0
1679.0,1,1.0,3,Midtown,1,3.0,no,furnished,440712.0
1813.0,4,4.0,1,Rural,38,2.0,no,semi-furnished,337118.0
1090.0,4,3.0,1,Downtown,8,3.0,no,unfurnished,406069.0
1010.0,3,2.0,3,Suburban,18,3.0,no,furnished,341218.0
1097.0,1,1.0,2,Midtown,54,3.0,yes,unfurnished,221788.0
2582.0,3,3.0,2,Rural,60,3.0,yes,furnished,405178.0
1908.0,3,2.0,1,Waterfront,0,2.0,no,semi-furnished,576517.0
1120.0,4,4.0,1,Waterfront,31,3.0,yes,semi-furnished,433480.0
788.0,5,4.0,2,Downtown,6,3.0,yes,semi-furnished,364369.0
1772.0,5,4.0,3,Suburban,7,2.0,yes,unfurnished,471781.0
1312.0,4,3.0,2,Waterfront,8,0.0,yes,unfurnished,490739.0
2480.0,3,1.0,3,Suburban,24,2.0,yes,semi-furnished,452918.0
2469.0,5,5.0,3,Rural,43,1.0,yes,semi-furnished,434651.0
914.0,5,4.0,1,Midtown,3,2.0,yes,unfurnished,343354.0
2616.0,1,1.0,1,Waterfront,1,1.0,yes,semi-furnished,741366.0
862.0,4,4.0,2,Downtown,1,3.0,yes,furnished,410875.0
1154.0,3,3.0,2,Suburban,51,,no,unfurnished,234002.0
1582.0,3,2.0,1,Midtown,49,2.0,no,unfurnished,299342.0
1457.0,3,3.0,2,Downtown,19,1.0,yes,unfurnished,416038.0
1227.0,3,3.0,2,Suburban,36,2.0,yes,semi-furnished,320032.0
1895.0,3,2.0,2,Rural,4,0.0,no,unfurnished,300349.0
1082.0,3,3.0,1,Suburban,7,1.0,yes,furnished,311984.0
1426.0,2,1.0,1,Suburban,5,1.0,yes,semi-furnished,295000.0
1582.0,4,4.0,2,Midtown,10,1.0,yes,furnished,472666.0
1293.0,3,2.0,2,Waterfront,2,1.0,yes,furnished,477343.0
2332.0,2,2.0,1,Rural,47,1.0,yes,unfurnished,332216.0
3230.0,2,1.0,2,Suburban,15,1.0,yes,semi-furnished,568421.0
1575.0,2,2.0,2,Waterfront,31,3.0,yes,furnished,506891.0
1805.0,3,2.0,1,Suburban,15,0.0,no,semi-furnished,402123.0
1480.0,3,2.0,2,Waterfront,57,0.0,no,semi-furnished,415071.0
2837.0,5,4.0,2,Waterfront,55,3.0,yes,furnished,808024.0
1598.0,3,3.0,1,Rural,56,0.0,yes,unfurnished,219964.0
1879.0,1,1.0,1,Downtown,20,0.0,yes,unfurnished,429268.0
2307.0,3,3.0,1,Waterfront,54,2.0,no,semi-furnished,650654.0
1372.0,2,1.0,3,Midtown,4,0.0,no,unfurnished,360263.0
2113.0,4,3.0,2,Rural,26,2.0,yes,semi-furnished,382573.0
1976.0,3,3.0,3,Downtown,3,2.0,yes,semi-furnished,560844.0
844.0,4,3.0,2,Suburban,27,1.0,yes,semi-furnished,315097.0
1440.0,2,1.0,1,Midtown,39,0.0,no,semi-furnished,343523.0
1240.0,2,1.0,1,Downtown,3,1.0,yes,unfurnished,396445.0
2123.0,2,1.0,1,Downtown,17,2.0,no,unfurnished,555178.0
3138.0,2,2.0,2,Rural,47,1.0,yes,furnished,441999.0
1525.0,1,1.0,1,Rural,37,1.0,yes,furnished,235934.0
1553.0,2,2.0,1,Suburban,37,0.0,yes,unfurnished,326030.0
2731.0,2,1.0,1,Midtown,25,2.0,no,furnished,566258.0
1898.0,3,1.0,4,Rural,4,2.0,yes,furnished,385387.0
753.0,3,3.0,1,Waterfront,2,1.0,no,unfurnished,316387.0
1836.0,3,2.0,2,Suburban,56,3.0,yes,furnished,411564.0
2513.0,1,1.0,1,Rural,8,2.0,no,semi-furnished,371115.0
1163.0,3,3.0,1,Rural,18,2.0,no,unfurnished,283346.0
1149.0,2,2.0,2,Waterfront,43,,yes,furnished,365023.0
1551.0,2,2.0,1,Rural,15,2.0,yes,semi-furnished,266627.0
2034.0,2,2.0,2,Waterfront,26,2.0,yes,semi-furnished,622012.0
2305.0,3,3.0,3,Waterfront,29,2.0,yes,semi-furnished,660885.0
864.0,3,2.0,2,Downtown,15,2.0,no,semi-furnished,292630.0
2761.0,3,1.0,2,Waterfront,23,3.0,yes,semi-furnished,808194.0
1809.0,2,1.0,2,Rural,25,2.0,yes,semi-furnished,286477.0
1579.0,4,4.0,2,Downtown,51,2.0,yes,unfurnished,447534.0
739.0,4,4.0,3,Midtown,31,2.0,yes,semi-furnished,289622.0
2140.0,5,4.0,2,Downtown,31,2.0,yes,furnished,589502.0
2392.0,3,3.0,3,Downtown,15,1.0,yes,semi-furnished,661507.0
1288.0,2,2.0,1,Midtown,32,1.0,yes,semi-furnished,296082.0
2030.0,2,2.0,1,Suburban,27,2.0,yes,semi-furnished,333655.0
3036.0,3,2.0,1,Downtown,51,2.0,yes,furnished,669379.0
1667.0,3,3.0,1,Waterfront,23,2.0,yes,unfurnished,526258.0
2266.0,2,1.0,1,Suburban,28,3.0,yes,semi-furnished,454888.0
809.0,5,5.0,2,Downtown,26,,no,unfurnished,338549.0
952.0,3,2.0,1,Suburban,21,1.0,yes,semi-furnished,236030.0
1165.0,3,2.0,2,Waterfront,23,3.0,no,furnished,373199.0
2574.0,4,3.0,3,Suburban,40,2.0,no,furnished,543591.0
1181.0,3,2.0,2,Suburban,29,1.0,yes,semi-furnished,282990.0
1092.0,3,3.0,4,Suburban,1,1.0,no,semi-furnished,314251.0
935.0,4,3.0,1,Midtown,24,1.0,yes,unfurnished,262269.0
1988.0,4,4.0,1,Rural,49,1.0,no,unfurnished,358144.0
902.0,2,2.0,3,Midtown,12,2.0,yes,furnished,294564.0
2217.0,3,3.0,1,Midtown,3,1.0,yes,unfurnished,558026.0
1312.0,2,2.0,4,Rural,29,2.0,no,semi-furnished,257227.0
2337.0,4,3.0,1,Waterfront,43,1.0,no,semi-furnished,661107.0
1861.0,3,2.0,1,Rural,54,3.0,yes,unfurnished,292890.0
452.0,3,1.0,2,Downtown,12,1.0,yes,semi-furnished,190361.0
1795.0,5,4.0,2,Downtown,58,1.0,yes,unfurnished,455489.0
1835.0,3,1.0,3,Waterfront,44,1.0,no,semi-furnished,543784.0
1328.0,1,1.0,2,Waterfront,43,1.0,no,furnished,434018.0
1896.0,3,,2,Suburban,32,1.0,yes,semi-furnished,420606.0
2475.0,4,3.0,2,Downtown,23,0.0,no,semi-furnished,615340.0
1222.0,3,2.0,1,Waterfront,59,0.0,yes,furnished,360280.0
1734.0,4,4.0,2,Rural,27,2.0,yes,furnished,344124.0
2772.0,3,2.0,1,Rural,2,1.0,yes,semi-furnished,476893.0
1824.0,4,4.0,2,Suburban,28,1.0,yes,unfurnished,435776.0
1280.0,3,3.0,1,Midtown,55,2.0,yes,furnished,328544.0
2069.0,5,5.0,2,Midtown,27,1.0,yes,furnished,550217.0
1610.0,4,3.0,1,Midtown,60,1.0,yes,unfurnished,380233.0
1836.0,5,5.0,2,Downtown,30,,no,semi-furnished,567110.0
2089.0,3,2.0,3,Suburban,42,2.0,yes,furnished,441097.0
2050.0,3,2.0,1,Midtown,42,0.0,yes,furnished,480616.0
1962.0,2,2.0,2,Midtown,11,2.0,yes,semi-furnished,482936.0
2337.0,2,2.0,1,Suburban,26,1.0,yes,furnished,475015.0
1895.0,1,1.0,3,Suburban,12,1.0,yes,semi-furnished,396487.0
1489.0,4,4.0,2,Rural,8,2.0,yes,furnished,384528.0
2667.0,3,1.0,2,Suburban,21,2.0,yes,unfurnished,506759.0
2881.0,2,2.0,3,Downtown,26,1.0,yes,semi-furnished,698541.0
1701.0,3,2.0,2,Suburban,6,2.0,yes,furnished,394511.0
1720.0,3,3.0,3,Rural,0,1.0,no,furnished,339231.0
2297.0,2,2.0,1,Rural,23,2.0,no,semi-furnished,316959.0
2314.0,4,3.0,2,Waterfront,52,2.0,yes,semi-furnished,675716.0
1207.0,2,2.0,2,Suburban,24,1.0,no,semi-furnished,298603.0
2030.0,2,1.0,2,Rural,12,0.0,no,unfurnished,365044.0
521.0,4,4.0,3,Waterfront,31,2.0,yes,semi-furnished,245958.0
1534.0,5,4.0,2,Midtown,31,1.0,no,semi-furnished,433614.0
1866.0,2,1.0,1,Midtown,51,1.0,no,furnished,367105.0
1989.0,3,2.0,1,Waterfront,33,1.0,yes,unfurnished,570321.0
1747.0,4,3.0,3,Suburban,18,0.0,no,unfurnished,385994.0
2710.0,3,3.0,2,Downtown,41,1.0,no,unfurnished,617401.0
1686.0,4,4.0,3,Midtown,5,1.0,yes,unfurnished,490150.0
1235.0,3,3.0,1,Suburban,5,0.0,yes,semi-furnished,353940.0
2047.0,2,2.0,2,Midtown,35,2.0,yes,furnished,481114.0
3310.0,5,5.0,2,Waterfront,57,1.0,yes,unfurnished,979031.0
2063.0,3,3.0,2,Midtown,26,1.0,no,semi-furnished,476070.0
1288.0,2,1.0,1,Suburban,51,0.0,yes,furnished,245637.0
2169.0,3,2.0,1,Waterfront,47,1.0,yes,unfurnished,674676.0
1344.0,3,3.0,2,Waterfront,55,1.0,yes,semi-furnished,391151.0
1818.0,4,4.0,2,Downtown,24,2.0,yes,semi-furnished,603112.0
1973.0,4,3.0,2,Waterfront,52,1.0,yes,semi-furnished,531301.0
1614.0,1,1.0,2,Downtown,52,2.0,no,unfurnished,375681.0
2440.0,3,3.0,3,Waterfront,34,0.0,no,unfurnished,673905.0
1423.0,3,2.0,3,Rural,31,3.0,yes,semi-furnished,311796.0
1698.0,4,4.0,3,Waterfront,32,1.0,yes,semi-furnished,598205.0
2400.0,5,5.0,2,Waterfront,0,1.0,yes,semi-furnished,804004.0
1963.0,3,2.0,1,Midtown,12,2.0,yes,furnished,484841.0
1749.0,4,3.0,1,Waterfront,31,1.0,yes,unfurnished,577129.0
1616.0,3,1.0,2,Suburban,43,1.0,no,semi-furnished,315116.0
1804.0,3,1.0,2,Waterfront,12,1.0,yes,semi-furnished,540876.0
1667.0,2,1.0,1,Waterfront,59,1.0,yes,furnished,432029.0
1689.0,3,,1,Waterfront,60,3.0,no,semi-furnished,466154.0
530.0,4,4.0,3,Suburban,17,1.0,yes,furnished,256775.0
,1,1.0,2,Downtown,8,2.0,yes,unfurnished,263067.0
1921.0,4,3.0,2,Suburban,34,1.0,yes,furnished,479985.0
2061.0,3,1.0,3,Suburban,60,0.0,yes,semi-furnished,355067.0
1508.0,4,3.0,2,Waterfront,1,3.0,no,furnished,2684712.8747204463
450.0,5,5.0,1,Suburban,52,2.0,yes,semi-furnished,242910.0
2080.0,2,2.0,3,Suburban,51,2.0,yes,unfurnished,408242.0
2155.0,2,1.0,2,Midtown,36,1.0,yes,semi-furnished,409124.0
2064.0,3,3.0,1,Rural,50,0.0,yes,furnished,301736.0
1983.0,4,4.0,1,Rural,24,1.0,yes,unfurnished,358092.0
1708.0,3,3.0,2,Midtown,24,2.0,yes,semi-furnished,455865.0
1613.0,4,,2,Rural,0,0.0,yes,semi-furnished,358661.0
2529.0,3,2.0,3,Suburban,16,2.0,no,furnished,520205.0
2473.0,4,2.0,2,Waterfront,14,2.0,no,semi-furnished,774519.0
1596.0,3,2.0,1,Suburban,40,0.0,yes,furnished,300968.0
2252.0,2,2.0,2,Suburban,3,3.0,yes,semi-furnished,444247.0
2697.0,2,2.0,1,Downtown,17,1.0,yes,furnished,712502.0
1132.0,4,3.0,1,Waterfront,30,1.0,no,semi-furnished,394827.0
2245.0,1,1.0,1,Rural,27,2.0,yes,unfurnished,350065.0
1606.0,2,2.0,2,Downtown,36,3.0,yes,semi-furnished,432090.0
2463.0,2,2.0,1,Suburban,0,2.0,yes,semi-furnished,500386.0
1527.0,5,4.0,2,Suburban,31,2.0,yes,semi-furnished,398691.0
1721.0,2,1.0,1,Downtown,22,2.0,yes,semi-furnished,473148.0
2014.0,4,3.0,2,Rural,51,3.0,yes,semi-furnished,338835.0
2214.0,4,3.0,1,Suburban,31,1.0,yes,semi-furnished,466510.0
1583.0,4,3.0,1,Midtown,51,0.0,no,unfurnished,328259.0
2055.0,2,2.0,1,Suburban,58,1.0,no,unfurnished,306767.0
1793.0,3,2.0,3,Downtown,48,1.0,yes,unfurnished,433085.0
2199.0,3,3.0,1,Suburban,41,0.0,yes,semi-furnished,411268.0
1702.0,4,4.0,1,Suburban,33,3.0,yes,,463755.0
1932.0,2,1.0,2,Rural,17,1.0,yes,semi-furnished,276054.0
625.0,2,2.0,2,Midtown,25,1.0,yes,furnished,258689.0
2686.0,2,1.0,1,Downtown,59,2.0,yes,semi-furnished,509000.0
1827.0,2,2.0,2,Rural,36,3.0,no,semi-furnished,277456.0
1629.0,4,2.0,1,Suburban,38,2.0,no,furnished,331943.0
2005.0,3,2.0,1,Downtown,39,1.0,yes,furnished,509908.0
1685.0,3,1.0,4,Downtown,49,0.0,yes,furnished,423023.0
2028.0,2,1.0,2,Midtown,55,2.0,yes,semi-furnished,400075.0
974.0,3,2.0,1,Rural,58,2.0,yes,furnished,230338.0
2836.0,1,1.0,3,Suburban,2,1.0,yes,semi-furnished,529353.0
1610.0,2,1.0,2,Waterfront,33,2.0,no,furnished,490570.0
857.0,5,4.0,1,Suburban,30,1.0,no,semi-furnished,296956.0
1907.0,3,2.0,1,Rural,39,1.0,yes,unfurnished,269392.0
1165.0,3,2.0,2,Waterfront,23,3.0,no,furnished,373199.0
903.0,4,4.0,3,Rural,54,1.0,yes,furnished,269896.0
1983.0,3,2.0,2,Suburban,1,2.0,yes,semi-furnished,453329.0
1123.0,3,3.0,1,Waterfront,44,0.0,no,furnished,352330.0
1725.0,3,2.0,2,Midtown,16,2.0,yes,furnished,424360.0
2361.0,4,3.0,1,Midtown,59,3.0,yes,furnished,567343.0
2383.0,2,2.0,2,Rural,6,2.0,no,semi-furnished,372378.0
2493.0,3,3.0,2,Suburban,8,3.0,yes,semi-furnished,528098.0
1298.0,3,2.0,1,Downtown,50,2.0,yes,furnished,389023.0
2303.0,3,1.0,1,Downtown,8,2.0,yes,semi-furnished,628197.0
2048.0,3,2.0,2,Midtown,16,0.0,yes,semi-furnished,466275.0
2201.0,5,5.0,2,Downtown,46,0.0,yes,semi-furnished,565265.0
2677.0,2,2.0,1,Suburban,58,2.0,yes,semi-furnished,448468.0
2663.0,3,3.0,1,Downtown,36,2.0,no,unfurnished,639918.0
1857.0,3,3.0,1,Downtown,52,3.0,yes,furnished,509137.0
1587.0,3,3.0,3,Midtown,10,1.0,yes,unfurnished,436105.0
749.0,1,1.0,2,Suburban,46,0.0,yes,semi-furnished,192154.0
1776.0,2,2.0,1,Suburban,4,3.0,yes,furnished,471468.0
2031.0,3,3.0,2,Waterfront,20,2.0,yes,furnished,682043.0
2801.0,4,4.0,1,Downtown,38,2.0,no,furnished,695272.0
1065.0,4,3.0,3,Rural,14,1.0,no,furnished,277785.0
2339.0,2,1.0,2,Waterfront,26,0.0,no,furnished,608940.0
1996.0,4,4.0,1,Downtown,47,1.0,yes,semi-furnished,531922.0
1006.0,2,1.0,2,Midtown,39,2.0,yes,furnished,264133.0
2133.0,3,1.0,2,Suburban,40,2.0,yes,semi-furnished,412648.0
2020.0,3,3.0,3,Downtown,34,0.0,no,semi-furnished,524675.0
1103.0,5,5.0,1,Midtown,44,3.0,no,unfurnished,347930.0
2098.0,3,2.0,2,Midtown,38,1.0,no,semi-furnished,447537.0
1052.0,4,3.0,1,Suburban,54,3.0,yes,semi-furnished,274795.0
1298.0,3,2.0,1,Suburban,28,3.0,yes,furnished,374729.0
1807.0,5,5.0,1,Downtown,56,3.0,no,furnished,529390.0
1906.0,3,3.0,1,Rural,33,1.0,yes,semi-furnished,330296.0
2852.0,2,1.0,3,Suburban,9,3.0,no,semi-furnished,569798.0
1363.0,3,2.0,1,Downtown,31,0.0,yes,unfurnished,355692.0
2129.0,4,3.0,3,Waterfront,38,1.0,yes,semi-furnished,616396.0
1603.0,3,3.0,3,Suburban,44,3.0,yes,unfurnished,338373.0
3077.0,3,1.0,1,Downtown,30,0.0,no,semi-furnished,669368.0
2181.0,4,3.0,1,Suburban,14,1.0,yes,semi-furnished,498792.0
2070.0,4,3.0,2,Midtown,33,3.0,no,semi-furnished,467724.0
1906.0,2,2.0,3,Suburban,17,0.0,yes,semi-furnished,425433.0
847.0,3,2.0,2,Downtown,7,1.0,yes,semi-furnished,348300.0
1986.0,3,3.0,2,Downtown,15,3.0,no,furnished,507684.0
2721.0,1,1.0,1,Midtown,44,0.0,yes,furnished,507210.0
2126.0,3,3.0,3,Suburban,38,2.0,yes,unfurnished,450831.0
2371.0,2,1.0,2,Suburban,31,2.0,no,semi-furnished,429835.0
2304.0,4,3.0,1,Waterfront,10,2.0,yes,furnished,716513.0
1305.0,5,4.0,2,Rural,6,2.0,yes,unfurnished,370549.0
2129.0,3,3.0,2,Midtown,37,1.0,yes,semi-furnished,465984.0
2108.0,4,4.0,2,Midtown,5,1.0,yes,semi-furnished,551784.0
2295.0,4,2.0,3,Downtown,13,3.0,no,semi-furnished,616921.0
1028.0,3,3.0,2,Rural,55,2.0,yes,furnished,275289.0
2148.0,2,2.0,2,Rural,16,1.0,yes,semi-furnished,331344.0
2464.0,2,1.0,2,Midtown,4,2.0,yes,furnished,563767.0
1300.0,4,3.0,2,Suburban,44,3.0,yes,semi-furnished,320252.0
450.0,4,4.0,1,Suburban,45,1.0,yes,furnished,232199.0
1543.0,4,4.0,1,Midtown,3,1.0,no,furnished,402636.0
2427.0,5,5.0,3,Downtown,9,1.0,yes,unfurnished,639545.0
1688.0,4,4.0,3,Suburban,0,1.0,no,furnished,475795.0
2315.0,3,3.0,1,Waterfront,6,1.0,yes,furnished,681521.0
1144.0,4,4.0,3,Waterfront,60,1.0,no,unfurnished,388469.0
1786.0,2,1.0,1,Suburban,50,1.0,yes,unfurnished,296052.0
1354.0,3,2.0,3,Downtown,2,3.0,yes,semi-furnished,392584.0
1474.0,1,,4,Suburban,55,3.0,yes,semi-furnished,301226.0
1583.0,3,3.0,2,Suburban,24,0.0,yes,semi-furnished,392619.0
3426.0,3,2.0,2,Waterfront,26,2.0,yes,furnished,1008798.0
1049.0,3,3.0,3,Downtown,29,2.0,yes,unfurnished,355520.0
1967.0,4,3.0,2,Rural,6,1.0,no,semi-furnished,384241.0
2211.0,4,4.0,2,Suburban,33,2.0,yes,unfurnished,489228.0
1842.0,3,3.0,2,Suburban,9,1.0,yes,semi-furnished,417317.0
2083.0,3,2.0,3,Rural,34,0.0,no,semi-furnished,336658.0
2214.0,2,,1,Waterfront,21,1.0,yes,unfurnished,622583.0
1594.0,3,,1,Rural,40,2.0,no,unfurnished,264773.0
1883.0,2,1.0,1,Downtown,40,1.0,yes,unfurnished,432602.0
2747.0,3,3.0,1,Midtown,57,1.0,yes,semi-furnished,568423.0
1962.0,2,2.0,1,Rural,10,1.0,yes,semi-furnished,335013.0
450.0,4,3.0,1,Suburban,18,2.0,no,semi-furnished,178611.0
1866.0,3,2.0,2,Rural,43,0.0,yes,furnished,290527.0
1546.0,3,3.0,2,Downtown,20,2.0,yes,semi-furnished,511425.0
1599.0,2,2.0,3,Waterfront,56,1.0,yes,semi-furnished,463177.0
2235.0,3,2.0,1,Suburban,55,2.0,no,furnished,450862.0
1822.0,4,2.0,2,Suburban,6,1.0,no,unfurnished,386088.0
1637.0,3,1.0,2,Rural,51,1.0,yes,furnished,271468.0
2515.0,3,3.0,2,Suburban,60,1.0,yes,semi-furnished,455618.0
1732.0,4,4.0,3,Suburban,14,0.0,no,semi-furnished,464842.0
1259.0,4,3.0,1,Midtown,17,1.0,no,furnished,363898.0
2019.0,2,1.0,2,Rural,16,2.0,yes,semi-furnished,342237.0
2112.0,4,4.0,2,Midtown,42,0.0,yes,furnished,544512.0
1553.0,2,2.0,1,Waterfront,31,,yes,furnished,480615.0
828.0,4,3.0,1,Downtown,7,1.0,yes,semi-furnished,340017.0
1692.0,1,1.0,3,Downtown,15,3.0,yes,semi-furnished,454658.0
672.0,3,3.0,1,Rural,35,2.0,yes,furnished,186188.0
2446.0,2,1.0,1,Suburban,28,3.0,yes,furnished,453090.0
2010.0,2,1.0,2,Downtown,53,0.0,no,furnished,460675.0
2550.0,5,5.0,2,Downtown,7,3.0,no,semi-furnished,751703.0
2134.0,2,1.0,3,Waterfront,8,2.0,yes,furnished,630828.0
1116.0,4,3.0,3,Rural,9,1.0,yes,semi-furnished,330365.0
1393.0,4,4.0,1,Midtown,15,0.0,yes,furnished,385591.0
1817.0,4,4.0,4,Rural,29,2.0,yes,semi-furnished,432865.0
2228.0,2,2.0,1,Suburban,30,3.0,no,semi-furnished,469136.0
1843.0,5,5.0,2,Waterfront,3,1.0,yes,semi-furnished,658205.0
,1,1.0,1,Downtown,37,0.0,yes,furnished,566898.0
1737.0,3,1.0,4,Suburban,1,3.0,yes,furnished,438084.0
1821.0,3,2.0,2,Suburban,20,2.0,no,unfurnished,406739.0
1418.0,3,3.0,1,Midtown,5,3.0,yes,furnished,423980.0
2871.0,5,4.0,3,Rural,16,1.0,yes,semi-furnished,529956.0
2068.0,3,1.0,1,Suburban,5,0.0,yes,furnished,487203.0
1376.0,4,2.0,2,Midtown,2,2.0,yes,unfurnished,365488.0
896.0,4,3.0,3,Suburban,16,0.0,no,semi-furnished,247615.0
1854.0,2,2.0,3,Waterfront,50,0.0,yes,semi-furnished,502544.0
3029.0,3,3.0,2,Suburban,27,3.0,no,,631443.0
606.0,3,3.0,3,Midtown,22,2.0,yes,unfurnished,266675.0
2267.0,3,3.0,2,Midtown,23,2.0,yes,unfurnished,491695.0
2256.0,3,3.0,2,Rural,5,1.0,yes,furnished,403804.0
1134.0,4,3.0,2,Waterfront,23,2.0,yes,unfurnished,443940.0
1157.0,3,2.0,1,Waterfront,16,1.0,yes,unfurnished,400731.0
1988.0,3,1.0,3,Suburban,11,1.0,no,semi-furnished,418674.0
2710.0,1,1.0,2,Waterfront,43,1.0,yes,semi-furnished,717336.0
2353.0,2,1.0,1,Downtown,55,2.0,yes,semi-furnished,567743.0
1545.0,3,2.0,1,Suburban,10,3.0,no,unfurnished,347655.0
,4,3.0,2,Waterfront,52,,no,semi-furnished,481405.0
1089.0,4,2.0,3,Rural,0,3.0,yes,semi-furnished,302763.0
2430.0,5,5.0,1,Waterfront,40,2.0,yes,semi-furnished,766123.0
1979.0,1,1.0,4,Midtown,38,3.0,no,furnished,489393.0
1574.0,2,2.0,2,Suburban,21,1.0,yes,semi-furnished,338714.0
1070.0,4,4.0,2,Downtown,17,3.0,yes,semi-furnished,420733.0
1243.0,3,3.0,1,Waterfront,4,2.0,yes,furnished,449917.0
2206.0,5,5.0,3,Suburban,14,1.0,yes,semi-furnished,564163.0
2007.0,3,2.0,1,Suburban,39,1.0,yes,semi-furnished,401763.0
1187.0,4,3.0,3,Suburban,34,2.0,yes,semi-furnished,317499.0
1032.0,3,1.0,1,Downtown,15,3.0,no,semi-furnished,318881.0
1672.0,1,1.0,1,Suburban,9,1.0,no,semi-furnished,321355.0
2181.0,4,4.0,2,Suburban,20,2.0,yes,furnished,487878.0
2011.0,2,2.0,1,Rural,4,1.0,no,semi-furnished,311911.0
1267.0,2,1.0,1,Waterfront,12,1.0,yes,semi-furnished,384412.0
2534.0,4,4.0,1,Downtown,9,1.0,yes,semi-furnished,679807.0
1941.0,3,3.0,1,Suburban,22,1.0,yes,semi-furnished,422823.0
1401.0,3,3.0,2,Midtown,59,1.0,yes,unfurnished,349180.0
450.0,3,3.0,1,Suburban,31,1.0,no,semi-furnished,161861.0
2085.0,5,5.0,1,Suburban,56,1.0,no,semi-furnished,403779.0
1911.0,3,1.0,2,Suburban,12,0.0,yes,furnished,364076.0
2602.0,5,5.0,4,Midtown,56,0.0,no,furnished,661447.0
2038.0,4,2.0,2,Waterfront,0,1.0,yes,unfurnished,651531.0
2114.0,5,4.0,2,Waterfront,40,1.0,yes,semi-furnished,666748.0
2665.0,3,2.0,1,Midtown,51,2.0,yes,semi-furnished,539446.0
1998.0,3,2.0,3,Suburban,23,2.0,yes,furnished,400800.0
1752.0,4,4.0,1,Midtown,29,2.0,yes,semi-furnished,491930.0
2254.0,3,3.0,2,Suburban,40,1.0,no,furnished,447647.0
1682.0,4,4.0,1,Midtown,13,2.0,yes,furnished,481082.0
2277.0,4,4.0,2,Suburban,34,1.0,no,unfurnished,454282.0
450.0,2,2.0,1,Midtown,56,1.0,yes,furnished,146201.0
2260.0,4,4.0,1,Waterfront,2,2.0,no,semi-furnished,734627.0
1508.0,4,3.0,3,Suburban,23,2.0,yes,furnished,401741.0
2545.0,2,1.0,2,Downtown,31,2.0,yes,unfurnished,604002.0
1787.0,3,2.0,2,Suburban,18,3.0,yes,furnished,430557.0
2719.0,1,1.0,1,Waterfront,27,,yes,unfurnished,720384.0
1709.0,3,2.0,1,Midtown,36,1.0,yes,semi-furnished,408892.0
,2,1.0,2,Suburban,27,1.0,yes,furnished,137868.0
1766.0,2,1.0,1,Midtown,38,0.0,yes,semi-furnished,339003.0
498.0,3,2.0,3,Suburban,40,1.0,yes,unfurnished,191634.0
2058.0,3,3.0,1,Rural,5,2.0,yes,semi-furnished,384906.0
1267.0,2,2.0,3,Waterfront,36,0.0,no,furnished,1666874.711083461
1150.0,1,1.0,1,Suburban,30,3.0,no,furnished,204626.0
1860.0,3,3.0,2,Downtown,19,3.0,yes,semi-furnished,552683.0
638.0,2,2.0,1,Midtown,20,1.0,yes,unfurnished,206629.0
1124.0,5,3.0,2,Suburban,4,3.0,no,furnished,364052.0
2350.0,5,4.0,1,Rural,24,1.0,yes,unfurnished,389222.0
1352.0,3,3.0,3,Suburban,39,1.0,no,unfurnished,312161.0
1940.0,2,2.0,3,Downtown,1,2.0,yes,semi-furnished,524791.0
2401.0,3,3.0,4,Midtown,25,0.0,yes,furnished,569529.0
1709.0,5,4.0,1,Downtown,50,0.0,yes,furnished,487851.0
2038.0,3,3.0,1,Suburban,60,1.0,yes,semi-furnished,405509.0
1656.0,1,1.0,1,Suburban,8,1.0,no,furnished,335888.0
1279.0,1,1.0,2,Downtown,23,2.0,no,furnished,329026.0
1444.0,3,2.0,2,Suburban,19,1.0,yes,semi-furnished,339097.0
1628.0,3,2.0,1,Suburban,57,1.0,yes,semi-furnished,331181.0
2307.0,4,4.0,1,Suburban,31,1.0,no,unfurnished,457437.0
1832.0,3,2.0,2,Midtown,47,2.0,no,semi-furnished,393603.0
1992.0,4,4.0,4,Suburban,12,2.0,yes,semi-furnished,538919.0
2154.0,1,1.0,1,Rural,2,1.0,no,furnished,350296.0
1103.0,3,2.0,1,Suburban,3,2.0,no,semi-furnished,268434.0
995.0,3,2.0,2,Suburban,41,2.0,yes,unfurnished,254087.0
2323.0,3,3.0,2,Rural,56,0.0,yes,furnished,355553.0
2042.0,3,3.0,1,Midtown,20,2.0,yes,furnished,521333.0
2688.0,3,3.0,3,Waterfront,10,1.0,yes,unfurnished,827723.0
1793.0,2,1.0,1,Suburban,29,2.0,yes,semi-furnished,378951.0
2610.0,2,2.0,2,Rural,6,1.0,yes,unfurnished,418063.0
1817.0,4,3.0,1,Suburban,42,3.0,yes,furnished,399998.0
629.0,3,2.0,2,Suburban,45,2.0,yes,semi-furnished,219827.0
2180.0,2,1.0,2,Downtown,15,1.0,no,semi-furnished,546492.0
1937.0,3,2.0,2,Downtown,29,0.0,yes,furnished,538032.0
11883.0,4,2.0,2,Rural,25,1.0,yes,furnished,304214.0
1739.0,4,3.0,3,Suburban,49,3.0,yes,unfurnished,371982.0
2077.0,4,4.0,1,Midtown,0,0.0,no,furnished,552570.0
2592.0,2,1.0,1,Suburban,8,1.0,yes,furnished,461361.0
1551.0,3,3.0,2,Rural,11,1.0,yes,furnished,351736.0
3486.0,4,3.0,3,Rural,59,1.0,yes,furnished,476527.0
2656.0,3,1.0,2,Suburban,31,3.0,yes,semi-furnished,551855.0
2393.0,2,2.0,1,Suburban,54,2.0,yes,unfurnished,444252.0
1763.0,2,1.0,2,Downtown,53,,no,semi-furnished,450362.0
2250.0,3,2.0,3,Suburban,7,3.0,yes,unfurnished,477356.0
2063.0,4,4.0,1,Waterfront,48,0.0,no,unfurnished,569269.0
1894.0,3,3.0,2,Downtown,25,1.0,no,unfurnished,491402.0
2411.0,2,2.0,3,Suburban,11,1.0,yes,semi-furnished,483348.0
1914.0,1,1.0,1,Downtown,45,1.0,yes,semi-furnished,422787.0
1973.0,2,,1,Downtown,58,2.0,yes,semi-furnished,431350.0
2719.0,1,1.0,1,Waterfront,27,,yes,unfurnished,720384.0
1970.0,4,3.0,1,Suburban,5,3.0,yes,unfurnished,486135.0
1572.0,2,2.0,2,Midtown,28,0.0,yes,unfurnished,331246.0
,5,5.0,1,Suburban,16,1.0,yes,semi-furnished,405354.0
3274.0,4,4.0,3,Midtown,0,1.0,no,furnished,807121.0
2009.0,1,1.0,1,Suburban,24,3.0,no,semi-furnished,402937.0
1736.0,3,3.0,2,Downtown,60,3.0,yes,semi-furnished,463791.0
1138.0,1,1.0,2,Rural,26,1.0,yes,furnished,256838.0
1377.0,1,1.0,1,Rural,34,2.0,yes,semi-furnished,221687.0
1622.0,1,1.0,2,Midtown,48,2.0,yes,semi-furnished,343549.0
2269.0,3,3.0,2,Downtown,3,3.0,yes,furnished,651226.0
1770.0,4,4.0,2,Waterfront,30,,no,furnished,606094.0
1539.0,4,3.0,2,Midtown,22,1.0,yes,furnished,402455.0
2477.0,2,1.0,1,Midtown,34,2.0,yes,semi-furnished,516778.0
1712.0,2,2.0,3,Suburban,39,,yes,furnished,312278.0
1729.0,3,,3,Suburban,16,2.0,yes,semi-furnished,446051.0
2547.0,5,4.0,1,Waterfront,19,1.0,yes,unfurnished,777111.0
,5,4.0,3,Midtown,48,3.0,yes,semi-furnished,522537.0
1609.0,4,4.0,2,Waterfront,41,1.0,no,unfurnished,483594.0
2489.0,2,2.0,1,Waterfront,21,1.0,yes,furnished,731549.0
2184.0,1,1.0,1,Waterfront,37,0.0,yes,semi-furnished,580594.0
1526.0,3,2.0,3,Midtown,1,2.0,yes,semi-furnished,377785.0
1028.0,4,3.0,3,Midtown,20,2.0,no,furnished,375424.0
1741.0,1,1.0,3,Rural,9,0.0,yes,furnished,323645.0
1807.0,2,1.0,1,Rural,19,0.0,no,semi-furnished,260892.0
2199.0,3,3.0,1,Midtown,51,2.0,no,unfurnished,430415.0
1768.0,3,2.0,2,Waterfront,40,1.0,yes,furnished,531053.0
1879.0,4,4.0,2,Midtown,59,1.0,yes,furnished,465767.0
1819.0,1,1.0,2,Suburban,15,2.0,no,furnished,317145.0
1480.0,2,2.0,2,Midtown,46,2.0,no,unfurnished,338433.0
1513.0,2,1.0,2,Downtown,40,1.0,yes,furnished,373720.0
1913.0,2,2.0,3,Midtown,36,2.0,no,semi-furnished,423758.0
1605.0,4,3.0,1,Suburban,49,0.0,no,unfurnished,314617.0
1225.0,3,3.0,2,Suburban,16,3.0,yes,unfurnished,302566.0
1087.0,2,2.0,1,Waterfront,50,2.0,yes,semi-furnished,295615.0
2227.0,2,2.0,1,Midtown,14,1.0,yes,unfurnished,500323.0
2048.0,3,3.0,1,Waterfront,53,2.0,no,semi-furnished,603789.0
2078.0,2,2.0,2,Downtown,17,0.0,yes,unfurnished,511981.0
1588.0,5,4.0,4,Suburban,39,0.0,no,semi-furnished,406304.0
2834.0,5,5.0,1,Downtown,51,3.0,yes,semi-furnished,758084.0
1802.0,3,2.0,2,Rural,0,2.0,yes,semi-furnished,407939.0
2877.0,4,3.0,2,Suburban,28,1.0,yes,unfurnished,574123.0
1997.0,3,3.0,3,Suburban,35,3.0,yes,semi-furnished,505741.0
2024.0,1,1.0,2,Suburban,26,2.0,yes,unfurnished,380581.0
2258.0,2,2.0,3,Midtown,20,1.0,yes,semi-furnished,504016.0
2584.0,1,1.0,2,Suburban,6,2.0,no,semi-furnished,514039.0
880.0,3,2.0,2,Downtown,51,2.0,yes,furnished,245532.0
701.0,5,5.0,3,Suburban,16,2.0,no,semi-furnished,313574.0
2139.0,4,3.0,1,Downtown,29,2.0,no,furnished,560179.0
2018.0,3,2.0,2,Downtown,6,0.0,yes,unfurnished,517805.0
2844.0,3,2.0,2,Suburban,54,1.0,yes,,547849.0
1387.0,3,1.0,2,Rural,17,2.0,yes,semi-furnished,289502.0
1754.0,3,2.0,2,Downtown,26,2.0,yes,unfurnished,500613.0
2438.0,2,1.0,2,Rural,11,1.0,yes,semi-furnished,381153.0
2390.0,4,4.0,2,Suburban,52,2.0,yes,furnished,517583.0
2976.0,3,3.0,4,Midtown,42,1.0,yes,semi-furnished,630747.0
2021.0,5,4.0,3,Suburban,19,1.0,yes,furnished,476729.0
1662.0,3,2.0,1,Suburban,12,0.0,yes,furnished,377597.0
2547.0,5,4.0,1,Waterfront,19,1.0,yes,unfurnished,777111.0
1922.0,3,3.0,3,Suburban,54,2.0,yes,semi-furnished,383647.0
2528.0,2,2.0,3,Suburban,7,1.0,yes,semi-furnished,534919.0
715.0,3,3.0,3,Midtown,51,,yes,semi-furnished,230124.0
2172.0,1,1.0,1,Suburban,17,0.0,no,semi-furnished,331319.0
1669.0,5,5.0,2,Suburban,27,3.0,yes,semi-furnished,511218.0
2045.0,3,3.0,1,Rural,18,2.0,yes,semi-furnished,367755.0
819.0,5,5.0,4,Midtown,48,3.0,yes,unfurnished,298070.0
,3,2.0,2,Suburban,32,1.0,no,unfurnished,431375.0
2436.0,3,3.0,2,Rural,52,3.0,no,furnished,417639.0
1937.0,1,1.0,1,Suburban,21,3.0,yes,semi-furnished,356135.0
2119.0,2,2.0,3,Waterfront,47,2.0,yes,semi-furnished,577348.0
1158.0,5,3.0,1,Midtown,29,1.0,yes,semi-furnished,314052.0
1610.0,2,1.0,2,Waterfront,33,2.0,no,furnished,490570.0
1628.0,4,4.0,2,Downtown,25,2.0,no,semi-furnished,535391.0
1296.0,4,3.0,1,Suburban,49,3.0,yes,furnished,330924.0
1264.0,2,1.0,2,Downtown,32,1.0,no,semi-furnished,357166.0
1284.0,3,1.0,4,Rural,7,1.0,yes,semi-furnished,293502.0
1223.0,4,4.0,2,Downtown,2,0.0,no,semi-furnished,397365.0
549.0,3,3.0,1,Downtown,27,0.0,yes,unfurnished,284768.0
1110.0,1,1.0,1,Midtown,46,3.0,no,unfurnished,213021.0
2699.0,1,1.0,1,Waterfront,45,1.0,yes,semi-furnished,727953.0
1678.0,4,3.0,1,Rural,8,0.0,yes,unfurnished,309539.0
2115.0,5,5.0,2,Midtown,28,3.0,yes,unfurnished,549864.0
2026.0,3,3.0,2,Suburban,44,2.0,yes,unfurnished,411130.0
1083.0,3,1.0,1,Rural,10,2.0,yes,unfurnished,217800.0
450.0,3,3.0,3,Midtown,1,1.0,yes,unfurnished,215819.0
1575.0,4,4.0,2,Downtown,20,1.0,yes,semi-furnished,510480.0
1148.0,3,3.0,3,Rural,48,2.0,no,semi-furnished,205807.0
1293.0,2,1.0,1,Suburban,45,1.0,yes,semi-furnished,237660.0
1221.0,4,3.0,4,Waterfront,14,2.0,yes,unfurnished,486159.0
1510.0,3,3.0,4,Suburban,46,1.0,yes,semi-furnished,379173.0
1610.0,4,3.0,2,Suburban,39,2.0,yes,semi-furnished,336394.0
2663.0,1,1.0,1,Midtown,18,2.0,yes,semi-furnished,545347.0
522.0,4,4.0,2,Rural,57,2.0,no,unfurnished,147417.0
1667.0,3,2.0,4,Downtown,15,1.0,yes,unfurnished,490080.0
1427.0,4,3.0,1,Midtown,26,2.0,yes,unfurnished,404524.0
795.0,2,1.0,2,Midtown,28,1.0,no,furnished,205013.0
1691.0,2,2.0,2,Waterfront,48,1.0,yes,furnished,475102.0
2079.0,3,,4,Suburban,8,2.0,no,furnished,498645.0
2573.0,3,2.0,3,Rural,13,,yes,furnished,466385.0
2380.0,4,,3,Waterfront,43,1.0,no,semi-furnished,738618.0
2516.0,2,1.0,2,Downtown,35,1.0,no,semi-furnished,525939.0
2243.0,2,2.0,1,Rural,7,1.0,no,semi-furnished,435029.0
1094.0,3,2.0,2,Waterfront,28,0.0,yes,unfurnished,367386.0
2137.0,5,4.0,2,Downtown,51,1.0,yes,semi-furnished,566033.0
1474.0,3,3.0,2,Suburban,15,1.0,yes,unfurnished,341879.0
1608.0,3,1.0,1,Midtown,29,1.0,yes,furnished,361511.0
1179.0,4,4.0,1,Midtown,46,1.0,yes,furnished,340008.0
1564.0,2,2.0,4,Downtown,10,1.0,yes,furnished,2052123.7288460261
2824.0,2,2.0,3,Downtown,44,1.0,yes,furnished,622225.0
1069.0,3,,2,Waterfront,39,1.0,yes,unfurnished,356851.0
2016.0,2,1.0,2,Midtown,2,1.0,no,furnished,499074.0
1350.0,3,2.0,2,Midtown,51,1.0,yes,unfurnished,301124.0
,2,2.0,1,Waterfront,9,3.0,yes,semi-furnished,588238.0
1790.0,3,1.0,2,Downtown,47,2.0,yes,semi-furnished,446586.0
1173.0,2,1.0,2,Downtown,3,1.0,yes,semi-furnished,340379.0
1670.0,4,4.0,1,Rural,11,1.0,yes,semi-furnished,333104.0
1708.0,3,3.0,2,Rural,17,1.0,yes,unfurnished,328486.0
2971.0,3,2.0,2,Downtown,11,2.0,yes,unfurnished,701320.0
1208.0,4,4.0,4,Waterfront,36,1.0,yes,unfurnished,400248.0
1394.0,3,3.0,3,Rural,27,1.0,no,furnished,284318.0
1155.0,3,3.0,1,Rural,30,2.0,yes,unfurnished,275339.0
1935.0,2,2.0,2,Downtown,42,3.0,yes,semi-furnished,515328.0
2009.0,3,3.0,3,Suburban,51,1.0,yes,semi-furnished,419400.0
1428.0,3,2.0,2,Suburban,56,2.0,yes,furnished,279995.0
562.0,3,2.0,3,Suburban,23,2.0,yes,,233966.0
1591.0,3,2.0,3,Suburban,27,3.0,yes,semi-furnished,373494.0
1939.0,2,2.0,1,Rural,24,1.0,yes,semi-furnished,335358.0
1705.0,4,4.0,2,Rural,4,2.0,no,semi-furnished,384890.0
1629.0,2,1.0,1,Midtown,40,1.0,yes,furnished,364366.0
903.0,4,3.0,2,Suburban,34,2.0,yes,unfurnished,235549.0
975.0,3,3.0,3,Suburban,42,1.0,no,semi-furnished,241599.0
1942.0,3,3.0,4,Suburban,17,1.0,yes,furnished,470253.0
2031.0,3,2.0,2,Downtown,0,1.0,no,unfurnished,579595.0
1661.0,3,3.0,2,Rural,56,2.0,yes,unfurnished,304806.0
1289.0,3,2.0,2,Waterfront,60,2.0,yes,semi-furnished,395828.0
2536.0,5,5.0,2,Midtown,40,3.0,yes,furnished,665914.0
655.0,2,2.0,2,Downtown,55,1.0,yes,semi-furnished,154518.0
1433.0,3,2.0,1,Suburban,12,3.0,yes,semi-furnished,377246.0
2292.0,3,3.0,2,Downtown,1,2.0,yes,furnished,638190.0
1373.0,4,4.0,3,Midtown,55,2.0,no,unfurnished,414972.0
2247.0,2,2.0,3,Downtown,26,2.0,no,furnished,587606.0
1606.0,3,3.0,2,Downtown,42,1.0,yes,semi-furnished,454367.0
556.0,3,2.0,1,Rural,13,2.0,yes,semi-furnished,213262.0
1910.0,3,2.0,3,Rural,17,2.0,no,furnished,367879.0
1569.0,3,3.0,1,Rural,6,1.0,yes,furnished,320075.0
1259.0,1,1.0,2,Downtown,38,0.0,no,semi-furnished,286046.0
789.0,4,4.0,3,Midtown,25,3.0,no,semi-furnished,325791.0
1961.0,2,2.0,2,Suburban,23,2.0,yes,unfurnished,394169.0
1620.0,4,4.0,2,Downtown,9,1.0,yes,unfurnished,488677.0
882.0,3,3.0,1,Rural,16,0.0,yes,furnished,214898.0
1563.0,2,2.0,1,Downtown,11,0.0,no,unfurnished,373297.0
1097.0,2,1.0,1,Downtown,28,1.0,no,semi-furnished,357273.0
1958.0,3,3.0,2,Rural,26,2.0,yes,semi-furnished,379123.0
450.0,2,2.0,2,Downtown,43,1.0,no,semi-furnished,151962.0
2002.0,3,3.0,3,Suburban,28,1.0,no,furnished,440867.0
1692.0,2,,3,Suburban,58,1.0,no,furnished,336531.0
1932.0,4,4.0,2,Suburban,45,2.0,no,unfurnished,422628.0
1272.0,2,2.0,4,Downtown,20,1.0,no,semi-furnished,351013.0
1854.0,1,1.0,3,Suburban,45,3.0,yes,furnished,319955.0
1263.0,2,2.0,2,Waterfront,44,0.0,yes,unfurnished,396949.0
1142.0,3,2.0,1,Downtown,12,,no,semi-furnished,372902.0
3195.0,1,1.0,1,Downtown,58,3.0,yes,semi-furnished,667659.0
1279.0,2,1.0,2,Suburban,22,1.0,yes,furnished,290846.0
1463.0,5,4.0,3,Midtown,25,1.0,yes,furnished,449029.0
839.0,2,2.0,2,Downtown,58,1.0,yes,furnished,236720.0
3186.0,2,1.0,1,Downtown,18,1.0,no,semi-furnished,731196.0
1967.0,3,1.0,2,Downtown,52,2.0,yes,semi-furnished,501734.0
,5,5.0,3,Waterfront,44,1.0,yes,semi-furnished,482389.0
2220.0,5,5.0,2,Midtown,21,2.0,yes,semi-furnished,595676.0
1176.0,2,1.0,1,Waterfront,27,1.0,yes,semi-furnished,353895.0
1444.0,2,2.0,1,Suburban,26,2.0,no,furnished,294617.0
1251.0,3,2.0,2,Downtown,24,1.0,no,unfurnished,338202.0
1731.0,3,3.0,2,Rural,29,1.0,yes,furnished,381262.0
,3,3.0,2,Suburban,28,1.0,no,furnished,448863.0
1321.0,2,1.0,1,Rural,9,2.0,yes,semi-furnished,297107.0
1537.0,3,1.0,1,Downtown,21,2.0,yes,furnished,434794.0
1906.0,4,4.0,3,Waterfront,45,3.0,no,semi-furnished,622245.0
1997.0,3,2.0,1,Suburban,53,1.0,no,semi-furnished,380746.0
1837.0,3,2.0,1,Downtown,33,1.0,yes,semi-furnished,472733.0
2265.0,3,3.0,2,Suburban,4,2.0,no,unfurnished,524436.0
1595.0,2,1.0,2,Waterfront,3,2.0,yes,unfurnished,533410.0
1279.0,2,1.0,2,Suburban,22,1.0,yes,furnished,290846.0
1777.0,3,2.0,3,Suburban,11,3.0,yes,furnished,466582.0
1496.0,2,1.0,3,Suburban,38,1.0,yes,semi-furnished,300935.0
1382.0,2,2.0,2,Rural,28,2.0,no,semi-furnished,258865.0
1899.0,2,1.0,3,Suburban,57,1.0,no,semi-furnished,312064.0
2188.0,3,3.0,3,Suburban,36,0.0,no,semi-furnished,462815.0
592.0,1,1.0,2,Suburban,8,,no,semi-furnished,160794.0
1934.0,2,1.0,2,Rural,11,1.0,yes,semi-furnished,320983.0
2618.0,3,3.0,2,Midtown,26,3.0,yes,semi-furnished,593884.0
,3,3.0,3,Downtown,21,1.0,yes,semi-furnished,434619.0
1202.0,2,1.0,3,Downtown,53,0.0,yes,unfurnished,305411.0
1697.0,5,3.0,3,Rural,57,0.0,yes,unfurnished,347811.0
2327.0,2,1.0,1,Downtown,17,1.0,yes,semi-furnished,570283.0
1365.0,4,3.0,3,Suburban,58,3.0,yes,semi-furnished,343403.0
2948.0,5,5.0,1,Waterfront,24,2.0,yes,semi-furnished,868482.0
2191.0,4,4.0,2,Suburban,0,1.0,yes,unfurnished,469252.0
1726.0,4,4.0,3,Downtown,19,1.0,yes,unfurnished,486856.0
1715.0,2,2.0,3,Waterfront,31,1.0,no,semi-furnished,553170.0
1500.0,3,2.0,2,Midtown,58,1.0,yes,unfurnished,299217.0
1348.0,1,1.0,2,Rural,53,,yes,unfurnished,162628.0
2175.0,3,2.0,2,Midtown,43,2.0,yes,furnished,497611.0
2549.0,1,1.0,3,Suburban,24,2.0,yes,unfurnished,504569.0
2304.0,4,4.0,1,Suburban,60,1.0,yes,semi-furnished,450924.0
1298.0,3,2.0,2,Midtown,29,2.0,yes,furnished,347406.0
2180.0,3,3.0,3,Downtown,3,0.0,yes,furnished,603712.0
2642.0,3,1.0,3,Waterfront,51,1.0,no,semi-furnished,683375.0
2067.0,5,3.0,2,Downtown,54,2.0,yes,furnished,546946.0
788.0,3,2.0,1,Downtown,52,1.0,yes,furnished,202051.0
2960.0,2,2.0,1,Rural,56,2.0,no,semi-furnished,391335.0
1577.0,2,2.0,1,Midtown,31,0.0,yes,,340614.0
1549.0,2,1.0,1,Downtown,21,0.0,no,semi-furnished,381617.0
1766.0,3,2.0,2,Suburban,46,2.0,yes,furnished,379704.0
932.0,3,2.0,1,Midtown,14,3.0,no,furnished,321082.0
2004.0,3,1.0,3,Midtown,17,0.0,yes,unfurnished,461733.0
1341.0,5,5.0,2,Suburban,23,2.0,no,unfurnished,391817.0
1770.0,2,2.0,2,Downtown,38,3.0,yes,unfurnished,466339.0
1188.0,3,1.0,4,Midtown,24,1.0,yes,unfurnished,357183.0
1850.0,4,3.0,1,Waterfront,37,0.0,yes,semi-furnished,551439.0
1465.0,4,3.0,2,Downtown,54,2.0,no,unfurnished,436424.0
2283.0,2,2.0,3,Downtown,40,2.0,yes,,562372.0
1294.0,4,4.0,2,Downtown,28,2.0,yes,furnished,433262.0
1517.0,4,2.0,3,Rural,37,2.0,yes,unfurnished,331681.0
728.0,3,3.0,2,Downtown,53,2.0,yes,unfurnished,196578.0
1967.0,4,3.0,1,Midtown,0,1.0,yes,furnished,533547.0
1938.0,3,3.0,2,Midtown,51,1.0,yes,furnished,444149.0
1850.0,3,2.0,4,Suburban,25,1.0,yes,semi-furnished,397838.0
2510.0,5,5.0,2,Suburban,17,2.0,yes,semi-furnished,580669.0
1199.0,2,2.0,4,Suburban,20,1.0,yes,semi-furnished,285273.0
1797.0,3,1.0,1,Rural,48,3.0,yes,semi-furnished,276157.0
3032.0,4,4.0,1,Downtown,8,2.0,yes,furnished,806539.0
946.0,4,4.0,2,Rural,58,1.0,yes,semi-furnished,181373.0
,1,1.0,1,Midtown,3,3.0,yes,furnished,587556.0
2677.0,2,1.0,1,Rural,0,1.0,yes,,458957.0
1487.0,2,2.0,1,Downtown,53,1.0,no,semi-furnished,330462.0
2040.0,2,1.0,1,Suburban,2,2.0,yes,furnished,429517.0
2572.0,4,2.0,1,Midtown,38,2.0,no,semi-furnished,623028.0
1729.0,2,1.0,2,Downtown,10,0.0,yes,semi-furnished,469177.0
1368.0,3,2.0,1,Midtown,54,2.0,no,semi-furnished,305111.0
1131.0,4,3.0,2,Suburban,38,0.0,no,semi-furnished,281086.0
1890.0,2,1.0,3,Midtown,37,1.0,no,furnished,431422.0
1845.0,3,3.0,1,Downtown,47,1.0,yes,semi-furnished,506207.0
1018.0,4,3.0,1,Midtown,8,3.0,no,semi-furnished,333795.0
2003.0,2,1.0,1,Midtown,42,0.0,yes,furnished,388195.0
918.0,4,3.0,2,Midtown,0,1.0,yes,furnished,356357.0
1678.0,4,3.0,3,Downtown,42,1.0,yes,unfurnished,455165.0
2246.0,4,4.0,2,Downtown,45,1.0,no,semi-furnished,567085.0
1636.0,2,1.0,1,Waterfront,44,1.0,yes,unfurnished,447408.0
922.0,3,1.0,2,Suburban,12,,yes,semi-furnished,323858.0
2763.0,3,3.0,3,Suburban,28,1.0,no,semi-furnished,513133.0
1625.0,5,4.0,3,Suburban,41,0.0,no,semi-furnished,345370.0
1759.0,4,4.0,2,Downtown,14,1.0,yes,semi-furnished,544596.0
,3,2.0,2,Suburban,4,1.0,yes,semi-furnished,400307.0
2893.0,5,4.0,1,Suburban,16,3.0,yes,semi-furnished,586504.0
,3,3.0,1,Rural,20,3.0,yes,semi-furnished,330488.0
961.0,3,2.0,2,Waterfront,14,2.0,yes,furnished,351161.0
762.0,3,1.0,2,Downtown,7,1.0,no,unfurnished,254705.0
1964.0,4,3.0,2,Rural,18,2.0,yes,semi-furnished,345522.0
2597.0,1,1.0,2,Downtown,7,1.0,no,semi-furnished,638776.0
1218.0,5,4.0,1,Rural,49,1.0,yes,unfurnished,266219.0
,2,1.0,2,Suburban,25,0.0,yes,semi-furnished,405407.0
2081.0,2,1.0,1,Rural,34,3.0,yes,unfurnished,360198.0
1008.0,3,3.0,3,Suburban,40,2.0,yes,semi-furnished,270382.0
1413.0,1,1.0,2,Suburban,54,1.0,no,furnished,239817.0
1628.0,3,3.0,1,Waterfront,47,1.0,yes,semi-furnished,480000.0
1525.0,5,4.0,2,Waterfront,26,0.0,yes,semi-furnished,503871.0
1065.0,4,4.0,1,Suburban,16,1.0,no,unfurnished,306243.0
2182.0,3,3.0,1,Rural,32,1.0,yes,semi-furnished,375311.0
2123.0,2,2.0,2,Suburban,44,2.0,yes,semi-furnished,405163.0
1050.0,3,2.0,2,Midtown,23,2.0,yes,unfurnished,327694.0
2591.0,2,1.0,2,Rural,25,0.0,yes,unfurnished,318763.0
1738.0,1,1.0,1,Downtown,25,2.0,yes,furnished,470775.0
1987.0,3,1.0,2,Waterfront,1,1.0,no,unfurnished,608963.0
1187.0,3,3.0,1,Downtown,49,2.0,no,semi-furnished,361635.0
1906.0,2,2.0,3,Midtown,16,2.0,no,unfurnished,425908.0
1831.0,1,1.0,1,Rural,2,2.0,yes,semi-furnished,300664.0
1814.0,3,2.0,3,Suburban,54,1.0,yes,furnished,375651.0
1896.0,4,,1,Suburban,48,3.0,no,unfurnished,384326.0
1654.0,3,2.0,2,Suburban,50,3.0,no,semi-furnished,365355.0
1987.0,4,4.0,3,Rural,28,3.0,yes,semi-furnished,405526.0
1800.0,2,2.0,2,Waterfront,25,1.0,no,semi-furnished,536286.0
2012.0,3,3.0,3,Downtown,35,3.0,no,furnished,551786.0
2644.0,2,1.0,1,Waterfront,11,1.0,yes,furnished,734108.0
1365.0,5,3.0,2,Downtown,3,3.0,no,unfurnished,436314.0
1128.0,4,3.0,2,Rural,11,0.0,no,furnished,261941.0
1918.0,3,3.0,1,Midtown,39,1.0,yes,semi-furnished,428922.0
1182.0,3,2.0,1,Downtown,33,2.0,no,unfurnished,346447.0
542.0,3,3.0,3,Waterfront,44,1.0,yes,furnished,255444.0
2244.0,4,4.0,2,Downtown,52,1.0,yes,semi-furnished,599050.0
2557.0,4,3.0,1,Midtown,37,2.0,yes,semi-furnished,575329.0
1990.0,3,2.0,2,Suburban,52,2.0,yes,semi-furnished,340261.0
1581.0,3,2.0,1,Waterfront,51,1.0,yes,semi-furnished,490727.0
3138.0,4,2.0,2,Downtown,6,3.0,yes,,793793.0
1142.0,2,2.0,2,Rural,24,1.0,yes,furnished,224618.0
1771.0,3,2.0,1,Suburban,5,2.0,yes,semi-furnished,426280.0
2170.0,2,1.0,3,Waterfront,40,2.0,yes,furnished,653999.0
1922.0,2,2.0,2,Suburban,24,3.0,yes,semi-furnished,398027.0
1464.0,2,2.0,1,Downtown,39,3.0,yes,furnished,425794.0
2106.0,4,3.0,2,Midtown,39,3.0,yes,furnished,481593.0
2480.0,3,1.0,3,Suburban,24,2.0,yes,semi-furnished,452918.0
1397.0,3,3.0,4,Suburban,37,1.0,yes,unfurnished,346008.0
1741.0,4,2.0,2,Suburban,48,2.0,yes,furnished,433652.0
2317.0,5,5.0,3,Suburban,23,3.0,no,semi-furnished,578615.0
1283.0,3,2.0,1,Suburban,1,2.0,no,furnished,329890.0
,3,1.0,3,Suburban,44,1.0,yes,furnished,425485.0
2376.0,3,3.0,1,Midtown,25,1.0,yes,furnished,514161.0
1144.0,2,2.0,1,Midtown,7,0.0,yes,furnished,320540.0
1743.0,4,4.0,4,Downtown,42,1.0,no,furnished,488298.0
2476.0,3,2.0,2,Suburban,23,1.0,no,unfurnished,478450.0
1622.0,5,5.0,3,Suburban,9,0.0,yes,furnished,475228.0
2109.0,4,4.0,2,Rural,32,1.0,yes,semi-furnished,377361.0
2115.0,4,3.0,2,Suburban,13,3.0,no,unfurnished,478946.0
1403.0,2,2.0,2,Suburban,34,1.0,yes,semi-furnished,323905.0
2359.0,2,2.0,1,Waterfront,10,1.0,no,furnished,673276.0
2943.0,4,3.0,1,Downtown,56,1.0,yes,semi-furnished,665917.0
1689.0,5,4.0,4,Waterfront,43,1.0,yes,semi-furnished,566245.0
2169.0,4,4.0,1,Midtown,26,0.0,yes,unfurnished,526715.0
2219.0,4,4.0,2,Rural,11,2.0,no,semi-furnished,459940.0
2737.0,3,3.0,4,Waterfront,45,2.0,yes,semi-furnished,774425.0
2197.0,4,4.0,3,Suburban,26,1.0,yes,semi-furnished,533805.0
1831.0,4,3.0,1,Downtown,14,3.0,yes,semi-furnished,533482.0
1314.0,2,1.0,3,Downtown,37,1.0,yes,furnished,390667.0
,4,2.0,1,Downtown,26,1.0,yes,furnished,571548.0
3146.0,2,2.0,1,Midtown,12,2.0,no,semi-furnished,652139.0
2791.0,3,3.0,2,Rural,20,,yes,unfurnished,415369.0
1175.0,4,3.0,4,Rural,1,0.0,yes,furnished,309963.0
1679.0,3,3.0,2,Midtown,12,0.0,yes,semi-furnished,398531.0
863.0,5,4.0,1,Downtown,6,1.0,yes,unfurnished,371495.0
2060.0,2,1.0,2,Suburban,57,1.0,no,furnished,345387.0
2172.0,3,1.0,1,Midtown,40,2.0,yes,unfurnished,451085.0
2002.0,2,2.0,1,Midtown,37,0.0,yes,semi-furnished,391259.0
2110.0,4,4.0,2,Suburban,57,2.0,no,semi-furnished,437436.0
2837.0,2,1.0,1,Midtown,38,0.0,yes,semi-furnished,538998.0
1391.0,3,3.0,1,Midtown,26,1.0,yes,semi-furnished,377297.0
2195.0,3,3.0,1,Midtown,36,2.0,yes,furnished,504739.0
1784.0,3,2.0,2,Suburban,1,2.0,no,unfurnished,378979.0
1794.0,2,2.0,3,Midtown,38,2.0,yes,,446858.0
1342.0,4,3.0,1,Waterfront,59,2.0,yes,semi-furnished,477578.0
2622.0,3,3.0,1,Suburban,39,2.0,yes,semi-furnished,491774.0
973.0,4,4.0,2,Suburban,1,2.0,yes,furnished,333916.0
1324.0,1,1.0,1,Rural,49,0.0,yes,furnished,228868.0
2460.0,1,1.0,1,Suburban,51,3.0,yes,semi-furnished,408315.0
450.0,4,4.0,1,Midtown,25,1.0,no,semi-furnished,236289.0
2048.0,4,3.0,1,Suburban,45,1.0,no,furnished,412612.0
2809.0,4,3.0,1,Rural,4,3.0,no,semi-furnished,457575.0
,1,1.0,1,Waterfront,26,2.0,yes,unfurnished,606008.0
1566.0,3,1.0,1,Midtown,53,2.0,yes,semi-furnished,354346.0
1195.0,5,5.0,3,Waterfront,2,3.0,no,semi-furnished,519812.0
1659.0,2,2.0,1,Waterfront,6,3.0,yes,unfurnished,560079.0
2162.0,3,2.0,1,Waterfront,13,1.0,no,semi-furnished,648979.0
1807.0,2,2.0,1,Rural,5,1.0,no,semi-furnished,349797.0
1869.0,3,2.0,1,Rural,4,3.0,no,semi-furnished,350435.0
2707.0,3,2.0,2,Waterfront,51,1.0,yes,unfurnished,683562.0
2171.0,2,2.0,2,Rural,15,3.0,yes,semi-furnished,382189.0
1624.0,3,3.0,3,Midtown,49,1.0,no,unfurnished,382983.0
1908.0,3,1.0,3,Suburban,33,2.0,yes,furnished,387204.0
1343.0,1,1.0,2,Suburban,6,2.0,yes,furnished,323870.0
2536.0,3,3.0,2,Suburban,58,1.0,yes,semi-furnished,474727.0
1263.0,3,1.0,2,Downtown,4,2.0,yes,furnished,358550.0
1955.0,4,3.0,2,Rural,48,0.0,yes,semi-furnished,286881.0
1211.0,3,3.0,2,Midtown,48,2.0,no,furnished,315326.0
2014.0,2,1.0,3,Downtown,23,0.0,yes,semi-furnished,500468.0
2863.0,4,4.0,1,Suburban,23,3.0,yes,unfurnished,599743.0
